trade_time,True_Price,Predicted_Price
2022-12-19,13.32,13.273197
2022-12-19,13.26,13.274368
2022-12-19,13.26,13.274575
2022-12-19,13.26,13.274301
2022-12-19,13.21,13.274301
2022-12-19,13.21,13.274301
2022-12-19,13.2300005,13.274301
2022-12-19,13.21,13.271536
2022-12-19,13.22,13.26969
2022-12-19,13.17,13.26969
2022-12-19,13.18,13.26969
2022-12-19,13.17,13.26969
2022-12-19,13.2,13.26969
2022-12-19,13.17,13.26969
2022-12-19,13.16,13.26969
2022-12-19,13.18,13.2687
2022-12-19,13.2,13.268334
2022-12-19,13.22,13.268334
2022-12-19,13.24,13.268334
2022-12-19,13.24,13.2691
2022-12-19,13.2300005,13.2691
2022-12-19,13.190001,13.2691
2022-12-19,13.24,13.268477
2022-12-19,13.21,13.268477
2022-12-19,13.190001,13.268477
2022-12-19,13.16,13.268477
2022-12-19,13.17,13.268477
2022-12-19,13.17,13.2684765
2022-12-19,13.18,13.2684765
2022-12-19,13.16,13.2684765
2022-12-19,13.190001,13.268621
2022-12-19,13.190001,13.268621
2022-12-19,13.22,13.269166
2022-12-19,13.24,13.269166
2022-12-19,13.22,13.269166
2022-12-19,13.2300005,13.269376
2022-12-19,13.2300005,13.269376
2022-12-19,13.25,13.269376
2022-12-19,13.22,13.269376
2022-12-19,13.25,13.269376
2022-12-19,13.2300005,13.269376
2022-12-19,13.2300005,13.269376
2022-12-19,13.25,13.269375
2022-12-19,13.29,13.269376
2022-12-19,13.3,13.269376
2022-12-19,13.3,13.269375
2022-12-19,13.29,13.269376
2022-12-19,13.26,13.267005
2022-12-19,13.26,13.26425
2022-12-19,13.26,13.260233
2022-12-19,13.26,13.260233
2022-12-19,13.28,13.265156
2022-12-19,13.29,13.265425
2022-12-19,13.28,13.2651615
2022-12-19,13.28,13.265743
2022-12-19,13.26,13.265002
2022-12-19,13.25,13.265002
2022-12-19,13.24,13.263529
2022-12-19,13.22,13.263888
2022-12-19,13.2,13.263888
2022-12-19,13.21,13.263722
2022-12-19,13.22,13.259543
2022-12-19,13.2300005,13.259543
2022-12-19,13.22,13.259691
2022-12-19,13.22,13.259691
2022-12-19,13.24,13.252462
2022-12-19,13.24,13.248676
2022-12-19,13.25,13.246998
2022-12-19,13.22,13.245503
2022-12-19,13.22,13.243027
2022-12-19,13.22,13.235947
2022-12-19,13.2,13.237305
2022-12-19,13.2,13.235477
2022-12-19,13.18,13.235139
2022-12-19,13.18,13.235139
2022-12-19,13.14,13.237012
2022-12-19,13.1,13.234474
2022-12-19,13.11,13.234474
2022-12-19,13.11,13.228879
2022-12-19,13.11,13.229008
2022-12-19,13.11,13.227573
2022-12-19,13.13,13.224972
2022-12-19,13.15,13.2259865
2022-12-19,13.15,13.225114
2022-12-19,13.16,13.223039
2022-12-19,13.15,13.223039
2022-12-19,13.17,13.223039
2022-12-19,13.17,13.223038
2022-12-19,13.17,13.223039
2022-12-19,13.16,13.220627
2022-12-19,13.190001,13.220627
2022-12-19,13.18,13.220627
2022-12-19,13.18,13.220627
2022-12-19,13.17,13.221261
2022-12-19,13.18,13.221461
2022-12-19,13.190001,13.221461
2022-12-19,13.17,13.221461
2022-12-19,13.16,13.221154
2022-12-19,13.17,13.218481
2022-12-19,13.18,13.218481
2022-12-19,13.17,13.218481
2022-12-19,13.18,13.218481
2022-12-19,13.16,13.218481
2022-12-19,13.15,13.217663
2022-12-19,13.14,13.217663
2022-12-19,13.15,13.217663
2022-12-19,13.15,13.217663
2022-12-19,13.16,13.217663
2022-12-19,13.17,13.217044
2022-12-19,13.18,13.217044
2022-12-19,13.16,13.216576
2022-12-19,13.13,13.215732
2022-12-19,13.14,13.215732
2022-12-19,13.13,13.2144
2022-12-19,13.15,13.213899
2022-12-19,13.14,13.213899
2022-12-19,13.14,13.213899
2022-12-19,13.14,13.213899
2022-12-19,13.14,13.2161255
2022-12-19,13.13,13.216534
2022-12-19,13.15,13.216534
2022-12-19,13.14,13.216534
2022-12-19,13.15,13.216534
2022-12-19,13.15,13.216534
2022-12-19,13.15,13.216534
2022-12-19,13.12,13.216534
2022-12-19,13.1,13.216534
2022-12-19,13.11,13.216534
2022-12-19,13.1,13.216534
2022-12-19,13.11,13.216534
2022-12-19,13.11,13.216311
2022-12-19,13.1,13.21495
2022-12-19,13.09,13.21495
2022-12-19,13.09,13.21495
2022-12-19,13.1,13.21495
2022-12-19,13.09,13.211611
2022-12-19,13.09,13.213305
2022-12-19,13.13,13.212934
2022-12-19,13.12,13.210437
2022-12-19,13.12,13.211321
2022-12-19,13.14,13.212234
2022-12-19,13.16,13.215922
2022-12-19,13.15,13.214207
2022-12-19,13.17,13.214208
2022-12-19,13.16,13.214207
2022-12-19,13.15,13.214749
2022-12-19,13.17,13.214207
2022-12-19,13.17,13.214207
2022-12-19,13.17,13.215146
2022-12-19,13.14,13.2151375
2022-12-19,13.14,13.2151375
2022-12-19,13.15,13.2151375
2022-12-19,13.15,13.2151375
2022-12-19,13.15,13.2151375
2022-12-19,13.14,13.2151375
2022-12-19,13.14,13.2151375
2022-12-19,13.15,13.215134
2022-12-19,13.13,13.215134
2022-12-19,13.15,13.215134
2022-12-19,13.14,13.215134
2022-12-19,13.14,13.215134
2022-12-19,13.14,13.215134
2022-12-19,13.14,13.215134
2022-12-19,13.13,13.215134
2022-12-19,13.12,13.215134
2022-12-19,13.11,13.215276
2022-12-19,13.11,13.215157
2022-12-19,13.1,13.209805
2022-12-19,13.1,13.2076
2022-12-19,13.09,13.20537
2022-12-19,13.09,13.207148
2022-12-19,13.08,13.203116
2022-12-19,13.07,13.203968
2022-12-19,13.08,13.2048435
2022-12-19,13.07,13.21521
2022-12-19,13.09,13.21521
2022-12-19,13.07,13.21521
2022-12-19,13.07,13.213324
2022-12-19,13.07,13.213376
2022-12-19,13.08,13.213376
2022-12-19,13.06,13.212158
2022-12-19,13.07,13.210844
2022-12-19,13.08,13.209941
2022-12-19,13.08,13.210143
2022-12-19,13.07,13.207844
2022-12-19,13.07,13.207845
2022-12-19,13.08,13.208101
2022-12-19,13.07,13.208101
2022-12-19,13.09,13.208101
2022-12-19,13.09,13.208101
2022-12-19,13.07,13.208101
2022-12-19,13.08,13.208101
2022-12-19,13.08,13.208101
2022-12-19,13.07,13.207982
2022-12-19,13.09,13.208878
2022-12-19,13.07,13.21296
2022-12-19,13.07,13.212477
2022-12-19,13.04,13.212353
2022-12-19,13.03,13.209754
2022-12-19,13.04,13.209754
2022-12-19,13.04,13.209754
2022-12-19,13.02,13.209754
2022-12-19,13.01,13.210055
2022-12-19,13.02,13.210055
2022-12-19,13.02,13.207931
2022-12-19,13.02,13.20786
2022-12-19,13.01,13.20786
2022-12-19,13.01,13.2035475
2022-12-19,12.99,13.2035475
2022-12-19,12.97,13.2035475
2022-12-19,12.99,13.2035475
2022-12-19,12.99,13.2035475
2022-12-19,12.96,13.202625
2022-12-19,12.96,13.198219
2022-12-19,12.96,13.196284
2022-12-19,12.97,13.1962595
2022-12-19,12.9800005,13.196334
2022-12-19,12.97,13.196334
2022-12-19,12.99,13.196334
2022-12-19,13.01,13.196334
2022-12-19,13.0,13.196334
2022-12-19,13.0,13.196334
2022-12-19,12.99,13.196334
2022-12-19,13.0,13.196334
2022-12-19,13.01,13.196474
2022-12-19,13.02,13.196474
2022-12-19,13.02,13.196474
2022-12-19,13.02,13.196474
2022-12-19,13.02,13.186403
2022-12-19,13.04,13.188722
2022-12-20,12.97,13.188426
2022-12-20,13.04,13.188426
2022-12-20,13.02,13.188426
2022-12-20,13.04,13.188426
2022-12-20,13.05,13.188426
2022-12-20,13.04,13.188426
2022-12-20,13.03,13.190766
2022-12-20,12.97,13.190766
2022-12-20,12.9800005,13.190466
2022-12-20,12.9800005,13.192975
2022-12-20,12.97,13.19083
2022-12-20,12.9800005,13.19083
2022-12-20,12.9800005,13.19083
2022-12-20,12.97,13.191641
2022-12-20,12.9800005,13.192127
2022-12-20,12.95,13.193972
2022-12-20,12.96,13.193972
2022-12-20,12.95,13.193972
2022-12-20,12.97,13.193972
2022-12-20,12.97,13.193972
2022-12-20,12.97,13.194394
2022-12-20,13.04,13.193617
2022-12-20,13.01,13.1970825
2022-12-20,13.04,13.201353
2022-12-20,13.07,13.201353
2022-12-20,13.06,13.201127
2022-12-20,13.06,13.201127
2022-12-20,13.04,13.201127
2022-12-20,13.04,13.203682
2022-12-20,13.03,13.203682
2022-12-20,13.02,13.203682
2022-12-20,13.03,13.204806
2022-12-20,13.05,13.204806
2022-12-20,13.04,13.204806
2022-12-20,13.04,13.203129
2022-12-20,13.04,13.2018175
2022-12-20,13.04,13.2018175
2022-12-20,13.02,13.202758
2022-12-20,13.01,13.202758
2022-12-20,13.01,13.202273
2022-12-20,13.0,13.203288
2022-12-20,12.99,13.203288
2022-12-20,12.99,13.201503
2022-12-20,12.99,13.201712
2022-12-20,12.96,13.204126
2022-12-20,12.96,13.201102
2022-12-20,12.95,13.20053
2022-12-20,12.95,13.201351
2022-12-20,12.93,13.201351
2022-12-20,12.91,13.201046
2022-12-20,12.92,13.198197
2022-12-20,12.9,13.201257
2022-12-20,12.89,13.201211
2022-12-20,12.89,13.201103
2022-12-20,12.9,13.200621
2022-12-20,12.88,13.200621
2022-12-20,12.87,13.201621
2022-12-20,12.89,13.200191
2022-12-20,12.88,13.199615
2022-12-20,12.88,13.218138
2022-12-20,12.88,13.215268
2022-12-20,12.88,13.215268
2022-12-20,12.87,13.213292
2022-12-20,12.89,13.213291
2022-12-20,12.87,13.215161
2022-12-20,12.88,13.214784
2022-12-20,12.87,13.214784
2022-12-20,12.86,13.213345
2022-12-20,12.88,13.213345
2022-12-20,12.9,13.213345
2022-12-20,12.88,13.213345
2022-12-20,12.87,13.220471
2022-12-20,12.86,13.226986
2022-12-20,12.86,13.226952
2022-12-20,12.87,13.225922
2022-12-20,12.87,13.224183
2022-12-20,12.87,13.224467
2022-12-20,12.89,13.223471
2022-12-20,12.88,13.224092
2022-12-20,12.88,13.225454
2022-12-20,12.9,13.226795
2022-12-20,12.91,13.226795
2022-12-20,12.89,13.22823
2022-12-20,12.89,13.229245
2022-12-20,12.9,13.228411
2022-12-20,12.88,13.228411
2022-12-20,12.89,13.228371
2022-12-20,12.87,13.227617
2022-12-20,12.87,13.225412
2022-12-20,12.87,13.224874
2022-12-20,12.88,13.22183
2022-12-20,12.9,13.222313
2022-12-20,12.91,13.220636
2022-12-20,12.92,13.219312
2022-12-20,12.9,13.220026
2022-12-20,12.89,13.224867
2022-12-20,12.88,13.224914
2022-12-20,12.87,13.224914
2022-12-20,12.87,13.224612
2022-12-20,12.86,13.223666
2022-12-20,12.85,13.22244
2022-12-20,12.86,13.218174
2022-12-20,12.84,13.21197
2022-12-20,12.84,13.2093935
2022-12-20,12.82,13.20737
2022-12-20,12.82,13.20538
2022-12-20,12.85,13.205458
2022-12-20,12.82,13.206834
2022-12-20,12.83,13.207203
2022-12-20,12.83,13.207203
2022-12-20,12.82,13.206616
2022-12-20,12.83,13.20525
2022-12-20,12.8,13.203958
2022-12-20,12.83,13.2032995
2022-12-20,12.83,13.2032995
2022-12-20,12.8,13.2032995
2022-12-20,12.8,13.200922
2022-12-20,12.8,13.202432
2022-12-20,12.8,13.200942
2022-12-20,12.81,13.200942
2022-12-20,12.81,13.200942
2022-12-20,12.81,13.200942
2022-12-20,12.8,13.201421
2022-12-20,12.8,13.201421
2022-12-20,12.8,13.201421
2022-12-20,12.79,13.201421
2022-12-20,12.8,13.202987
2022-12-20,12.8,13.202987
2022-12-20,12.79,13.198963
2022-12-20,12.78,13.198962
2022-12-20,12.76,13.198962
2022-12-20,12.76,13.198962
2022-12-20,12.75,13.196119
2022-12-20,12.75,13.197158
2022-12-20,12.75,13.195317
2022-12-20,12.76,13.195376
2022-12-20,12.77,13.195376
2022-12-20,12.77,13.195376
2022-12-20,12.76,13.195376
2022-12-20,12.78,13.195696
2022-12-20,12.76,13.195696
2022-12-20,12.75,13.195696
2022-12-20,12.7300005,13.19306
2022-12-20,12.7300005,13.195526
2022-12-20,12.7300005,13.185861
2022-12-20,12.7300005,13.18586
2022-12-20,12.75,13.185043
2022-12-20,12.75,13.185043
2022-12-20,12.74,13.185043
2022-12-20,12.7300005,13.184445
2022-12-20,12.76,13.182662
2022-12-20,12.7300005,13.182662
2022-12-20,12.7,13.181399
2022-12-20,12.7,13.180273
2022-12-20,12.72,13.174946
2022-12-20,12.71,13.175236
2022-12-20,12.7,13.174443
2022-12-20,12.69,13.1781845
2022-12-20,12.68,13.175613
2022-12-20,12.69,13.181204
2022-12-20,12.7,13.182548
2022-12-20,12.69,13.181708
2022-12-20,12.7,13.181708
2022-12-20,12.71,13.181708
2022-12-20,12.68,13.182328
2022-12-20,12.71,13.182328
2022-12-20,12.7,13.182328
2022-12-20,12.71,13.182072
2022-12-20,12.71,13.182072
2022-12-20,12.71,13.182072
2022-12-20,12.71,13.181964
2022-12-20,12.75,13.181964
2022-12-20,12.7300005,13.181964
2022-12-20,12.74,13.179864
2022-12-20,12.7300005,13.179864
2022-12-20,12.74,13.179864
2022-12-20,12.7300005,13.179864
2022-12-20,12.72,13.179864
2022-12-20,12.72,13.177359
2022-12-20,12.72,13.177359
2022-12-20,12.7300005,13.176994
2022-12-20,12.74,13.176994
2022-12-20,12.75,13.1709585
2022-12-20,12.76,13.172443
2022-12-20,12.76,13.167658
2022-12-20,12.78,13.167658
2022-12-20,12.78,13.168681
2022-12-20,12.8,13.166447
2022-12-20,12.79,13.166447
2022-12-20,12.8,13.166447
2022-12-20,12.8,13.166447
2022-12-20,12.79,13.166447
2022-12-20,12.79,13.166447
2022-12-20,12.8,13.166447
2022-12-20,12.8,13.166447
2022-12-20,12.78,13.166447
2022-12-20,12.78,13.166447
2022-12-20,12.78,13.166447
2022-12-20,12.79,13.166447
2022-12-20,12.79,13.166447
2022-12-20,12.79,13.166447
2022-12-20,12.77,13.166447
2022-12-20,12.77,13.166447
2022-12-20,12.79,13.155712
2022-12-20,12.79,13.155712
2022-12-20,12.79,13.155712
2022-12-20,12.81,13.155712
2022-12-20,12.81,13.155712
2022-12-20,12.8,13.155712
2022-12-20,12.8,13.155712
2022-12-20,12.8,13.155712
2022-12-20,12.79,13.155712
2022-12-20,12.79,13.155712
2022-12-20,12.82,13.155712
2022-12-20,12.82,13.155712
2022-12-20,12.81,13.159809
2022-12-20,12.79,13.157298
2022-12-20,12.8,13.161815
2022-12-20,12.8,13.160802
2022-12-20,12.8,13.150497
2022-12-20,12.8,13.150497
2022-12-20,12.8,13.151596
2022-12-20,12.78,13.151544
2022-12-20,12.79,13.151544
2022-12-20,12.78,13.151544
2022-12-20,12.78,13.15075
2022-12-20,12.78,13.146684
2022-12-20,12.77,13.146684
2022-12-20,12.75,13.145682
2022-12-20,12.75,13.144913
2022-12-20,12.74,13.144912
2022-12-20,12.74,13.14526
2022-12-20,12.76,13.147446
2022-12-20,12.75,13.147079
2022-12-20,12.75,13.147079
2022-12-20,12.76,13.1449995
2022-12-20,12.77,13.1449995
2022-12-20,12.77,13.143602
2022-12-20,12.77,13.143898
2022-12-20,12.77,13.1343155
2022-12-20,12.76,13.147703
2022-12-21,12.85,13.147934
2022-12-21,12.77,13.150681
2022-12-21,12.76,13.1752205
2022-12-21,12.78,13.175219
2022-12-21,12.77,13.175219
2022-12-21,12.8,13.175219
2022-12-21,12.77,13.174449
2022-12-21,12.8,13.1757555
2022-12-21,12.76,13.1757555
2022-12-21,12.77,13.1757555
2022-12-21,12.79,13.175783
2022-12-21,12.79,13.175783
2022-12-21,12.79,13.175783
2022-12-21,12.82,13.175783
2022-12-21,12.83,13.175783
2022-12-21,12.85,13.175783
2022-12-21,12.83,13.175783
2022-12-21,12.8,13.175783
2022-12-21,12.83,13.175783
2022-12-21,12.86,13.175783
2022-12-21,12.88,13.175783
2022-12-21,12.89,13.175783
2022-12-21,12.86,13.175783
2022-12-21,12.84,13.175783
2022-12-21,12.87,13.175783
2022-12-21,12.84,13.175783
2022-12-21,12.83,13.175783
2022-12-21,12.78,13.175783
2022-12-21,12.81,13.175783
2022-12-21,12.82,13.175783
2022-12-21,12.81,13.175783
2022-12-21,12.79,13.175783
2022-12-21,12.8,13.175783
2022-12-21,12.8,13.175783
2022-12-21,12.81,13.175783
2022-12-21,12.82,13.175783
2022-12-21,12.82,13.175783
2022-12-21,12.8,13.175783
2022-12-21,12.8,13.175783
2022-12-21,12.81,13.175784
2022-12-21,12.82,13.175784
2022-12-21,12.84,13.175783
2022-12-21,12.85,13.175784
2022-12-21,12.86,13.175784
2022-12-21,12.86,13.174874
2022-12-21,12.87,13.174874
2022-12-21,12.89,13.174832
2022-12-21,12.9,13.174832
2022-12-21,12.88,13.17605
2022-12-21,12.89,13.17605
2022-12-21,12.91,13.172775
2022-12-21,12.93,13.172775
2022-12-21,12.91,13.171953
2022-12-21,12.92,13.171953
2022-12-21,12.91,13.170783
2022-12-21,12.9,13.170783
2022-12-21,12.9,13.170783
2022-12-21,12.89,13.170783
2022-12-21,12.89,13.164981
2022-12-21,12.91,13.17286
2022-12-21,12.93,13.186714
2022-12-21,12.94,13.181263
2022-12-21,12.93,13.169807
2022-12-21,12.92,13.165688
2022-12-21,12.91,13.167494
2022-12-21,12.9,13.169812
2022-12-21,12.89,13.172007
2022-12-21,12.88,13.171846
2022-12-21,12.85,13.170609
2022-12-21,12.87,13.170609
2022-12-21,12.87,13.170609
2022-12-21,12.9,13.170609
2022-12-21,12.91,13.171225
2022-12-21,12.93,13.171225
2022-12-21,12.94,13.171225
2022-12-21,12.92,13.169765
2022-12-21,12.95,13.169765
2022-12-21,12.95,13.165215
2022-12-21,12.94,13.165215
2022-12-21,12.94,13.165215
2022-12-21,12.93,13.165215
2022-12-21,12.94,13.165215
2022-12-21,12.95,13.161056
2022-12-21,12.95,13.162071
2022-12-21,12.95,13.162072
2022-12-21,12.93,13.162497
2022-12-21,12.94,13.162497
2022-12-21,12.95,13.160015
2022-12-21,12.96,13.159463
2022-12-21,12.96,13.162404
2022-12-21,12.96,13.162404
2022-12-21,12.9800005,13.161158
2022-12-21,12.9800005,13.163065
2022-12-21,12.97,13.161786
2022-12-21,12.95,13.161786
2022-12-21,12.95,13.162556
2022-12-21,12.97,13.162556
2022-12-21,12.97,13.161838
2022-12-21,12.96,13.161838
2022-12-21,12.96,13.166096
2022-12-21,12.95,13.176061
2022-12-21,12.95,13.176061
2022-12-21,12.95,13.176061
2022-12-21,12.93,13.174792
2022-12-21,12.94,13.175521
2022-12-21,12.93,13.180908
2022-12-21,12.91,13.181619
2022-12-21,12.92,13.178377
2022-12-21,12.92,13.17363
2022-12-21,12.91,13.17363
2022-12-21,12.91,13.173087
2022-12-21,12.93,13.173087
2022-12-21,12.92,13.173087
2022-12-21,12.92,13.173088
2022-12-21,12.92,13.173088
2022-12-21,12.91,13.1743765
2022-12-21,12.92,13.1746
2022-12-21,12.92,13.1746
2022-12-21,12.9,13.1746
2022-12-21,12.91,13.1746
2022-12-21,12.89,13.1746
2022-12-21,12.9,13.176127
2022-12-21,12.88,13.167431
2022-12-21,12.87,13.167431
2022-12-21,12.88,13.167431
2022-12-21,12.88,13.167431
2022-12-21,12.88,13.167431
2022-12-21,12.88,13.167431
2022-12-21,12.89,13.167197
2022-12-21,12.89,13.165443
2022-12-21,12.9,13.163363
2022-12-21,12.9,13.163363
2022-12-21,12.9,13.163363
2022-12-21,12.9,13.163363
2022-12-21,12.91,13.163363
2022-12-21,12.89,13.163363
2022-12-21,12.92,13.163363
2022-12-21,12.93,13.163363
2022-12-21,12.94,13.163363
2022-12-21,12.94,13.163363
2022-12-21,12.95,13.1633625
2022-12-21,12.95,13.1633625
2022-12-21,12.94,13.1633625
2022-12-21,12.93,13.163363
2022-12-21,12.93,13.163363
2022-12-21,12.93,13.163363
2022-12-21,12.95,13.1633625
2022-12-21,12.95,13.163089
2022-12-21,12.94,13.163089
2022-12-21,12.94,13.163089
2022-12-21,12.93,13.163089
2022-12-21,12.92,13.163089
2022-12-21,12.9,13.163081
2022-12-21,12.9,13.163081
2022-12-21,12.89,13.163081
2022-12-21,12.89,13.163081
2022-12-21,12.89,13.16393
2022-12-21,12.89,13.16166
2022-12-21,12.9,13.16166
2022-12-21,12.91,13.16166
2022-12-21,12.9,13.16166
2022-12-21,12.9,13.161701
2022-12-21,12.89,13.161366
2022-12-21,12.89,13.160867
2022-12-21,12.89,13.160096
2022-12-21,12.87,13.160096
2022-12-21,12.87,13.160096
2022-12-21,12.88,13.160096
2022-12-21,12.86,13.160096
2022-12-21,12.87,13.160096
2022-12-21,12.88,13.160096
2022-12-21,12.87,13.160096
2022-12-21,12.86,13.160096
2022-12-21,12.88,13.160096
2022-12-21,12.87,13.160096
2022-12-21,12.86,13.160096
2022-12-21,12.88,13.160096
2022-12-21,12.86,13.160096
2022-12-21,12.87,13.160096
2022-12-21,12.86,13.160096
2022-12-21,12.87,13.160096
2022-12-21,12.87,13.160096
2022-12-21,12.89,13.156985
2022-12-21,12.87,13.156985
2022-12-21,12.88,13.156985
2022-12-21,12.9,13.156985
2022-12-21,12.88,13.156985
2022-12-21,12.89,13.155651
2022-12-21,12.86,13.1563015
2022-12-21,12.87,13.152082
2022-12-21,12.86,13.145919
2022-12-21,12.86,13.146577
2022-12-21,12.86,13.146577
2022-12-21,12.86,13.141793
2022-12-21,12.87,13.141472
2022-12-21,12.88,13.141472
2022-12-21,12.88,13.141472
2022-12-21,12.88,13.137754
2022-12-21,12.87,13.138954
2022-12-21,12.88,13.138954
2022-12-21,12.87,13.138954
2022-12-21,12.89,13.138954
2022-12-21,12.88,13.138954
2022-12-21,12.9,13.138954
2022-12-21,12.91,13.138154
2022-12-21,12.9,13.138154
2022-12-21,12.91,13.138153
2022-12-21,12.91,13.138142
2022-12-21,12.91,13.138142
2022-12-21,12.91,13.138319
2022-12-21,12.89,13.138319
2022-12-21,12.9,13.131017
2022-12-21,12.88,13.133097
2022-12-21,12.89,13.133097
2022-12-21,12.89,13.131224
2022-12-21,12.88,13.131224
2022-12-21,12.9,13.131224
2022-12-21,12.9,13.131224
2022-12-21,12.89,13.131326
2022-12-21,12.89,13.131326
2022-12-21,12.89,13.131326
2022-12-21,12.89,13.131326
2022-12-21,12.88,13.134091
2022-12-21,12.88,13.134091
2022-12-21,12.89,13.134091
2022-12-21,12.89,13.132621
2022-12-21,12.89,13.132773
2022-12-21,12.89,13.132773
2022-12-21,12.88,13.132773
2022-12-21,12.89,13.132773
2022-12-21,12.89,13.134874
2022-12-21,12.88,13.134874
2022-12-21,12.89,13.137586
2022-12-21,12.88,13.137586
2022-12-21,12.89,13.138246
2022-12-21,12.89,13.13866
2022-12-21,12.87,13.13866
2022-12-21,12.87,13.141762
2022-12-21,12.88,13.141762
2022-12-21,12.88,13.134929
2022-12-21,12.89,13.133008
2022-12-22,13.0,13.145667
2022-12-22,13.04,13.157814
2022-12-22,13.04,13.170406
2022-12-22,13.06,13.170406
2022-12-22,13.02,13.170406
2022-12-22,13.0,13.170406
2022-12-22,13.04,13.170406
2022-12-22,13.07,13.170406
2022-12-22,13.04,13.170406
2022-12-22,13.03,13.170406
2022-12-22,13.09,13.170004
2022-12-22,13.1,13.155277
2022-12-22,13.07,13.152189
2022-12-22,13.07,13.152189
2022-12-22,13.06,13.148836
2022-12-22,13.06,13.148836
2022-12-22,13.12,13.148836
2022-12-22,13.1,13.148821
2022-12-22,13.09,13.146933
2022-12-22,13.06,13.146933
2022-12-22,13.02,13.146933
2022-12-22,13.04,13.146933
2022-12-22,13.06,13.146933
2022-12-22,13.06,13.146933
2022-12-22,13.02,13.146933
2022-12-22,13.05,13.146933
2022-12-22,13.05,13.146934
2022-12-22,13.06,13.146934
2022-12-22,13.08,13.146934
2022-12-22,13.1,13.1469345
2022-12-22,13.08,13.1469345
2022-12-22,13.06,13.1469345
2022-12-22,13.1,13.1469345
2022-12-22,13.07,13.145069
2022-12-22,13.09,13.145069
2022-12-22,13.1,13.149073
2022-12-22,13.12,13.147422
2022-12-22,13.11,13.142528
2022-12-22,13.12,13.1425085
2022-12-22,13.12,13.140439
2022-12-22,13.11,13.140439
2022-12-22,13.1,13.14044
2022-12-22,13.1,13.14044
2022-12-22,13.11,13.14044
2022-12-22,13.09,13.141176
2022-12-22,13.11,13.135687
2022-12-22,13.11,13.135687
2022-12-22,13.1,13.135641
2022-12-22,13.13,13.135641
2022-12-22,13.12,13.132727
2022-12-22,13.13,13.133079
2022-12-22,13.14,13.133079
2022-12-22,13.15,13.131741
2022-12-22,13.14,13.131741
2022-12-22,13.13,13.131741
2022-12-22,13.13,13.129971
2022-12-22,13.13,13.130532
2022-12-22,13.13,13.121458
2022-12-22,13.12,13.121458
2022-12-22,13.11,13.142493
2022-12-22,13.12,13.1719475
2022-12-22,13.1,13.168293
2022-12-22,13.1,13.14998
2022-12-22,13.09,13.148055
2022-12-22,13.1,13.147271
2022-12-22,13.11,13.143936
2022-12-22,13.11,13.143492
2022-12-22,13.12,13.140096
2022-12-22,13.12,13.140857
2022-12-22,13.11,13.138174
2022-12-22,13.1,13.137472
2022-12-22,13.07,13.134568
2022-12-22,13.05,13.135061
2022-12-22,13.08,13.131737
2022-12-22,13.07,13.129067
2022-12-22,13.03,13.128601
2022-12-22,13.05,13.128601
2022-12-22,13.03,13.124588
2022-12-22,13.04,13.124621
2022-12-22,13.05,13.124621
2022-12-22,13.02,13.126917
2022-12-22,13.02,13.126816
2022-12-22,13.03,13.126816
2022-12-22,13.01,13.127813
2022-12-22,13.0,13.129134
2022-12-22,13.01,13.12475
2022-12-22,13.01,13.124137
2022-12-22,13.03,13.124137
2022-12-22,13.02,13.124137
2022-12-22,13.02,13.124137
2022-12-22,13.03,13.124419
2022-12-22,13.03,13.124419
2022-12-22,13.03,13.12442
2022-12-22,13.01,13.12442
2022-12-22,13.01,13.124419
2022-12-22,13.02,13.122363
2022-12-22,13.0,13.119157
2022-12-22,13.03,13.119434
2022-12-22,13.02,13.120208
2022-12-22,13.02,13.11776
2022-12-22,13.01,13.11776
2022-12-22,13.01,13.115477
2022-12-22,13.0,13.115477
2022-12-22,12.99,13.115477
2022-12-22,12.99,13.116433
2022-12-22,12.99,13.115711
2022-12-22,13.0,13.115848
2022-12-22,12.99,13.115232
2022-12-22,12.9800005,13.114966
2022-12-22,12.9800005,13.114966
2022-12-22,12.97,13.114966
2022-12-22,12.97,13.1140585
2022-12-22,12.96,13.113663
2022-12-22,12.96,13.1035795
2022-12-22,12.95,13.1035795
2022-12-22,12.95,13.1023
2022-12-22,12.95,13.102505
2022-12-22,12.96,13.102326
2022-12-22,12.96,13.103124
2022-12-22,12.97,13.103124
2022-12-22,12.9800005,13.102145
2022-12-22,12.97,13.099625
2022-12-22,12.9800005,13.099954
2022-12-22,12.97,13.099953
2022-12-22,12.96,13.099954
2022-12-22,12.96,13.099954
2022-12-22,12.96,13.099953
2022-12-22,12.94,13.090614
2022-12-22,12.95,13.091194
2022-12-22,12.96,13.091194
2022-12-22,12.96,13.091419
2022-12-22,12.96,13.091419
2022-12-22,12.94,13.092289
2022-12-22,12.95,13.092289
2022-12-22,12.95,13.092289
2022-12-22,12.96,13.092289
2022-12-22,12.95,13.092075
2022-12-22,12.93,13.092571
2022-12-22,12.95,13.092571
2022-12-22,12.94,13.09257
2022-12-22,12.93,13.08378
2022-12-22,12.93,13.08378
2022-12-22,12.95,13.081245
2022-12-22,12.94,13.081245
2022-12-22,12.97,13.082035
2022-12-22,12.95,13.080474
2022-12-22,12.95,13.080474
2022-12-22,12.95,13.080474
2022-12-22,12.96,13.080474
2022-12-22,12.97,13.080474
2022-12-22,12.96,13.080474
2022-12-22,12.96,13.081489
2022-12-22,12.94,13.081489
2022-12-22,12.93,13.082948
2022-12-22,12.96,13.082395
2022-12-22,12.96,13.082395
2022-12-22,12.97,13.082395
2022-12-22,12.96,13.082395
2022-12-22,12.97,13.085038
2022-12-22,12.99,13.085038
2022-12-22,12.99,13.085038
2022-12-22,12.99,13.085038
2022-12-22,12.97,13.085038
2022-12-22,12.96,13.085038
2022-12-22,12.96,13.085038
2022-12-22,12.95,13.085038
2022-12-22,12.9800005,13.085038
2022-12-22,12.96,13.085038
2022-12-22,12.96,13.085038
2022-12-22,12.97,13.085038
2022-12-22,12.97,13.085038
2022-12-22,12.9800005,13.085038
2022-12-22,12.9800005,13.085038
2022-12-22,12.97,13.085038
2022-12-22,12.97,13.085038
2022-12-22,12.97,13.085038
2022-12-22,12.9800005,13.085038
2022-12-22,12.9800005,13.085038
2022-12-22,12.9800005,13.085038
2022-12-22,12.9800005,13.085038
2022-12-22,12.97,13.085038
2022-12-22,12.95,13.0866585
2022-12-22,12.94,13.081698
2022-12-22,12.95,13.081698
2022-12-22,12.94,13.081698
2022-12-22,12.95,13.081931
2022-12-22,12.94,13.081931
2022-12-22,12.93,13.08079
2022-12-22,12.96,13.08079
2022-12-22,12.96,13.08079
2022-12-22,12.94,13.080636
2022-12-22,12.94,13.080636
2022-12-22,12.94,13.08122
2022-12-22,12.95,13.080796
2022-12-22,12.97,13.080796
2022-12-22,12.95,13.083393
2022-12-22,12.96,13.081468
2022-12-22,12.97,13.077711
2022-12-22,12.96,13.077711
2022-12-22,12.97,13.077635
2022-12-22,12.96,13.077635
2022-12-22,12.95,13.077635
2022-12-22,12.93,13.077635
2022-12-22,12.93,13.077635
2022-12-22,12.93,13.076347
2022-12-22,12.94,13.07435
2022-12-22,12.93,13.072674
2022-12-22,12.92,13.075915
2022-12-22,12.91,13.0731
2022-12-22,12.91,13.0731
2022-12-22,12.93,13.0731
2022-12-22,12.93,13.0731
2022-12-22,12.91,13.0731
2022-12-22,12.92,13.0731
2022-12-22,12.9,13.0731
2022-12-22,12.92,13.076845
2022-12-22,12.92,13.076068
2022-12-22,12.91,13.076068
2022-12-22,12.91,13.075428
2022-12-22,12.9,13.072262
2022-12-22,12.92,13.072377
2022-12-22,12.92,13.07242
2022-12-22,12.92,13.07157
2022-12-22,12.92,13.07157
2022-12-22,12.95,13.0699625
2022-12-22,12.95,13.069963
2022-12-22,12.94,13.069963
2022-12-22,12.94,13.068822
2022-12-22,12.94,13.068822
2022-12-22,12.92,13.068822
2022-12-22,12.92,13.068822
2022-12-22,12.94,13.068822
2022-12-22,12.95,13.068822
2022-12-22,12.94,13.068823
2022-12-22,12.95,13.068822
2022-12-22,12.94,13.068822
2022-12-22,12.94,13.068822
2022-12-22,12.95,13.070813
2022-12-22,12.96,13.070813
2022-12-22,12.96,13.055276
2022-12-22,12.95,13.064028
2022-12-23,12.85,13.080302
2022-12-23,12.88,13.076995
2022-12-23,12.86,13.073156
2022-12-23,12.81,13.073156
2022-12-23,12.87,13.073156
2022-12-23,12.88,13.073156
2022-12-23,12.89,13.073156
2022-12-23,12.85,13.073157
2022-12-23,12.83,13.073156
2022-12-23,12.84,13.073156
2022-12-23,12.85,13.073156
2022-12-23,12.83,13.073156
2022-12-23,12.82,13.073156
2022-12-23,12.81,13.06409
2022-12-23,12.82,13.064089
2022-12-23,12.88,13.06409
2022-12-23,12.88,13.064089
2022-12-23,12.87,13.06409
2022-12-23,12.86,13.06409
2022-12-23,12.86,13.06409
2022-12-23,12.87,13.06409
2022-12-23,12.9,13.06409
2022-12-23,12.94,13.06409
2022-12-23,12.93,13.06409
2022-12-23,12.93,13.06409
2022-12-23,12.92,13.06409
2022-12-23,12.95,13.06409
2022-12-23,12.95,13.06409
2022-12-23,12.93,13.06409
2022-12-23,12.94,13.06409
2022-12-23,12.91,13.06409
2022-12-23,12.92,13.06409
2022-12-23,12.91,13.06409
2022-12-23,12.91,13.065092
2022-12-23,12.9,13.065092
2022-12-23,12.89,13.065092
2022-12-23,12.9,13.064206
2022-12-23,12.89,13.064206
2022-12-23,12.88,13.064206
2022-12-23,12.89,13.064206
2022-12-23,12.88,13.064206
2022-12-23,12.9,13.064206
2022-12-23,12.9,13.064206
2022-12-23,12.89,13.064206
2022-12-23,12.89,13.064206
2022-12-23,12.95,13.064206
2022-12-23,12.93,13.064206
2022-12-23,12.91,13.064206
2022-12-23,12.91,13.064207
2022-12-23,12.93,13.064206
2022-12-23,12.92,13.064207
2022-12-23,12.92,13.064207
2022-12-23,12.92,13.064207
2022-12-23,12.92,13.064207
2022-12-23,12.94,13.064207
2022-12-23,12.96,13.064207
2022-12-23,12.95,13.064207
2022-12-23,12.99,13.064207
2022-12-23,12.97,13.057953
2022-12-23,12.96,13.071152
2022-12-23,12.9800005,13.066823
2022-12-23,12.9800005,13.067045
2022-12-23,12.99,13.06929
2022-12-23,12.9800005,13.06929
2022-12-23,12.9800005,13.069711
2022-12-23,12.99,13.064198
2022-12-23,12.99,13.065371
2022-12-23,12.99,13.064589
2022-12-23,12.99,13.06224
2022-12-23,12.97,13.06224
2022-12-23,12.99,13.06224
2022-12-23,13.0,13.06224
2022-12-23,13.02,13.062241
2022-12-23,13.01,13.061776
2022-12-23,13.04,13.0765295
2022-12-23,13.01,13.078559
2022-12-23,13.06,13.079821
2022-12-23,13.05,13.078281
2022-12-23,13.04,13.078281
2022-12-23,13.04,13.075417
2022-12-23,13.04,13.077243
2022-12-23,13.03,13.080571
2022-12-23,13.03,13.086479
2022-12-23,13.02,13.0861225
2022-12-23,13.03,13.0861225
2022-12-23,13.04,13.081641
2022-12-23,13.03,13.0877
2022-12-23,13.04,13.087114
2022-12-23,13.04,13.078227
2022-12-23,13.03,13.07857
2022-12-23,13.03,13.078061
2022-12-23,13.01,13.081358
2022-12-23,13.03,13.071991
2022-12-23,13.01,13.071804
2022-12-23,13.02,13.067652
2022-12-23,13.02,13.064688
2022-12-23,13.01,13.06587
2022-12-23,13.03,13.06587
2022-12-23,13.03,13.066653
2022-12-23,13.03,13.066535
2022-12-23,13.04,13.070228
2022-12-23,13.02,13.071753
2022-12-23,13.01,13.069331
2022-12-23,13.0,13.069331
2022-12-23,13.0,13.0692215
2022-12-23,13.01,13.06799
2022-12-23,13.0,13.06799
2022-12-23,13.0,13.068298
2022-12-23,13.0,13.068299
2022-12-23,13.01,13.068298
2022-12-23,13.01,13.068299
2022-12-23,13.02,13.068298
2022-12-23,13.02,13.068298
2022-12-23,13.02,13.0695305
2022-12-23,13.02,13.0695305
2022-12-23,13.02,13.0695305
2022-12-23,13.01,13.071955
2022-12-23,13.01,13.071955
2022-12-23,13.02,13.068036
2022-12-23,13.01,13.068036
2022-12-23,13.01,13.064088
2022-12-23,12.9800005,13.063637
2022-12-23,12.97,13.064834
2022-12-23,12.95,13.061197
2022-12-23,12.95,13.061197
2022-12-23,12.93,13.054976
2022-12-23,12.94,13.0549345
2022-12-23,12.94,13.0549345
2022-12-23,12.93,13.0549345
2022-12-23,12.93,13.051339
2022-12-23,12.9,13.051156
2022-12-23,12.93,13.051156
2022-12-23,12.93,13.048992
2022-12-23,12.94,13.04965
2022-12-23,12.95,13.049178
2022-12-23,12.94,13.053459
2022-12-23,12.92,13.053529
2022-12-23,12.94,13.053169
2022-12-23,12.93,13.053071
2022-12-23,12.95,13.053071
2022-12-23,12.94,13.053071
2022-12-23,12.94,13.05307
2022-12-23,12.93,13.05307
2022-12-23,12.92,13.052946
2022-12-23,12.93,13.0509615
2022-12-23,12.91,13.050737
2022-12-23,12.93,13.051966
2022-12-23,12.92,13.051569
2022-12-23,12.92,13.051272
2022-12-23,12.92,13.052648
2022-12-23,12.94,13.052648
2022-12-23,12.93,13.052648
2022-12-23,12.93,13.052648
2022-12-23,12.94,13.05329
2022-12-23,12.94,13.05329
2022-12-23,12.96,13.05329
2022-12-23,12.99,13.05329
2022-12-23,12.99,13.05329
2022-12-23,12.99,13.05329
2022-12-23,12.9800005,13.05329
2022-12-23,12.9800005,13.051048
2022-12-23,12.95,13.051048
2022-12-23,12.95,13.051048
2022-12-23,12.94,13.051048
2022-12-23,12.93,13.051048
2022-12-23,12.95,13.051048
2022-12-23,12.93,13.051048
2022-12-23,12.93,13.051048
2022-12-23,12.93,13.051048
2022-12-23,12.93,13.049599
2022-12-23,12.92,13.049599
2022-12-23,12.93,13.049599
2022-12-23,12.93,13.049755
2022-12-23,12.92,13.049755
2022-12-23,12.93,13.050144
2022-12-23,12.94,13.050144
2022-12-23,12.94,13.050144
2022-12-23,12.93,13.050144
2022-12-23,12.9,13.050144
2022-12-23,12.92,13.050144
2022-12-23,12.93,13.050144
2022-12-23,12.94,13.050144
2022-12-23,12.94,13.042136
2022-12-23,12.95,13.038848
2022-12-23,12.94,13.038848
2022-12-23,12.92,13.038848
2022-12-23,12.94,13.038848
2022-12-23,12.94,13.038848
2022-12-23,12.94,13.038848
2022-12-23,12.94,13.038848
2022-12-23,12.94,13.038756
2022-12-23,12.95,13.0328
2022-12-23,12.95,13.034977
2022-12-23,12.94,13.037519
2022-12-23,12.95,13.037519
2022-12-23,12.96,13.037519
2022-12-23,12.95,13.037519
2022-12-23,12.97,13.038679
2022-12-23,12.97,13.038679
2022-12-23,12.97,13.038679
2022-12-23,12.9800005,13.038679
2022-12-23,12.96,13.038679
2022-12-23,12.97,13.038679
2022-12-23,12.97,13.036874
2022-12-23,12.97,13.038751
2022-12-23,12.96,13.038384
2022-12-23,12.97,13.038384
2022-12-23,12.97,13.034836
2022-12-23,12.95,13.034836
2022-12-23,12.96,13.034836
2022-12-23,12.95,13.038248
2022-12-23,12.95,13.038144
2022-12-23,12.96,13.038144
2022-12-23,12.96,13.038144
2022-12-23,12.97,13.034911
2022-12-23,12.9800005,13.034911
2022-12-23,12.97,13.035756
2022-12-23,12.9800005,13.03411
2022-12-23,12.9800005,13.032471
2022-12-23,12.99,13.032471
2022-12-23,13.0,13.032471
2022-12-23,12.9800005,13.031142
2022-12-23,12.99,13.031142
2022-12-23,12.99,13.031142
2022-12-23,12.99,13.031142
2022-12-23,12.9800005,13.031142
2022-12-23,12.9800005,13.031142
2022-12-23,12.9800005,13.031142
2022-12-23,12.97,13.031142
2022-12-23,12.97,13.031142
2022-12-23,12.9800005,13.029414
2022-12-23,12.9800005,13.029431
2022-12-23,12.97,13.0292635
2022-12-23,12.9800005,13.0292635
2022-12-23,12.97,13.028541
2022-12-23,12.97,13.031838
2022-12-23,12.97,13.031838
2022-12-23,12.9800005,13.032312
2022-12-23,12.9800005,13.03155
2022-12-23,12.9800005,13.028161
2022-12-23,12.9800005,13.021237
2022-12-26,12.99,13.025248
2022-12-26,12.97,13.025248
2022-12-26,12.95,13.051982
2022-12-26,12.92,13.041309
2022-12-26,12.94,13.041309
2022-12-26,13.04,13.045864
2022-12-26,12.9800005,13.048309
2022-12-26,12.96,13.048309
2022-12-26,12.9800005,13.048309
2022-12-26,12.99,13.048309
2022-12-26,12.97,13.048309
2022-12-26,12.94,13.048309
2022-12-26,12.95,13.048309
2022-12-26,12.93,13.048309
2022-12-26,12.9,13.048309
2022-12-26,12.91,13.047398
2022-12-26,12.86,13.049299
2022-12-26,12.84,13.05406
2022-12-26,12.85,13.048085
2022-12-26,12.81,13.043448
2022-12-26,12.82,13.043543
2022-12-26,12.8,13.043543
2022-12-26,12.81,13.043543
2022-12-26,12.81,13.043543
2022-12-26,12.82,13.031702
2022-12-26,12.84,13.032683
2022-12-26,12.83,13.032683
2022-12-26,12.86,13.032683
2022-12-26,12.85,13.032683
2022-12-26,12.87,13.032683
2022-12-26,12.84,13.032567
2022-12-26,12.85,13.032567
2022-12-26,12.85,13.032567
2022-12-26,12.86,13.032567
2022-12-26,12.89,13.032567
2022-12-26,12.88,13.032567
2022-12-26,12.84,13.032567
2022-12-26,12.83,13.032567
2022-12-26,12.83,13.032567
2022-12-26,12.83,13.032567
2022-12-26,12.83,13.032567
2022-12-26,12.81,13.032567
2022-12-26,12.82,13.032567
2022-12-26,12.82,13.032567
2022-12-26,12.86,13.032567
2022-12-26,12.86,13.032567
2022-12-26,12.86,13.032567
2022-12-26,12.86,13.032567
2022-12-26,12.86,13.032567
2022-12-26,12.88,13.032567
2022-12-26,12.87,13.032567
2022-12-26,12.85,13.032567
2022-12-26,12.86,13.032567
2022-12-26,12.85,13.032567
2022-12-26,12.85,13.032567
2022-12-26,12.86,13.032567
2022-12-26,12.86,13.032567
2022-12-26,12.86,13.032567
2022-12-26,12.86,13.032567
2022-12-26,12.87,13.036688
2022-12-26,12.87,13.036688
2022-12-26,12.85,13.03401
2022-12-26,12.84,13.0238285
2022-12-26,12.86,13.019583
2022-12-26,12.86,13.019583
2022-12-26,12.85,13.019583
2022-12-26,12.84,13.019583
2022-12-26,12.83,13.019583
2022-12-26,12.81,13.024691
2022-12-26,12.81,13.026551
2022-12-26,12.81,13.026551
2022-12-26,12.81,13.026231
2022-12-26,12.83,13.011902
2022-12-26,12.83,13.011903
2022-12-26,12.82,13.011903
2022-12-26,12.83,13.011902
2022-12-26,12.82,13.011902
2022-12-26,12.82,13.011903
2022-12-26,12.82,13.011903
2022-12-26,12.83,13.011513
2022-12-26,12.82,13.013852
2022-12-26,12.81,13.013296
2022-12-26,12.79,13.009945
2022-12-26,12.81,13.008777
2022-12-26,12.81,13.015038
2022-12-26,12.82,13.017375
2022-12-26,12.8,13.0172415
2022-12-26,12.83,13.020469
2022-12-26,12.82,13.0126705
2022-12-26,12.83,13.0126705
2022-12-26,12.83,13.010134
2022-12-26,12.83,13.010134
2022-12-26,12.82,13.010134
2022-12-26,12.84,13.007531
2022-12-26,12.85,13.006177
2022-12-26,12.82,13.005354
2022-12-26,12.83,13.005354
2022-12-26,12.81,13.0065775
2022-12-26,12.81,13.0065775
2022-12-26,12.82,13.005444
2022-12-26,12.81,13.005444
2022-12-26,12.82,13.004269
2022-12-26,12.82,13.007096
2022-12-26,12.83,13.008755
2022-12-26,12.83,13.00718
2022-12-26,12.85,13.00718
2022-12-26,12.86,12.998578
2022-12-26,12.88,12.998578
2022-12-26,12.88,12.998578
2022-12-26,12.86,13.002373
2022-12-26,12.86,13.002882
2022-12-26,12.84,13.002882
2022-12-26,12.86,13.002882
2022-12-26,12.86,13.005136
2022-12-26,12.85,13.005136
2022-12-26,12.86,13.006219
2022-12-26,12.85,13.003869
2022-12-26,12.88,13.005079
2022-12-26,12.88,13.001985
2022-12-26,12.88,13.001985
2022-12-26,12.86,13.001984
2022-12-26,12.86,13.001983
2022-12-26,12.85,13.026135
2022-12-26,12.85,13.026135
2022-12-26,12.84,13.025396
2022-12-26,12.83,13.025409
2022-12-26,12.83,13.02541
2022-12-26,12.84,13.027
2022-12-26,12.85,13.027
2022-12-26,12.85,13.027
2022-12-26,12.84,13.027
2022-12-26,12.83,13.0329075
2022-12-26,12.83,13.0329075
2022-12-26,12.82,13.0329075
2022-12-26,12.83,13.0329075
2022-12-26,12.83,13.032195
2022-12-26,12.83,13.032195
2022-12-26,12.82,13.032195
2022-12-26,12.82,13.032195
2022-12-26,12.82,13.032195
2022-12-26,12.82,13.032195
2022-12-26,12.8,13.032194
2022-12-26,12.81,13.032194
2022-12-26,12.81,13.032194
2022-12-26,12.82,13.032194
2022-12-26,12.81,13.032194
2022-12-26,12.81,13.032194
2022-12-26,12.81,13.032194
2022-12-26,12.79,13.032194
2022-12-26,12.78,13.032194
2022-12-26,12.77,13.033546
2022-12-26,12.77,13.033546
2022-12-26,12.77,13.033546
2022-12-26,12.78,13.033546
2022-12-26,12.79,13.033546
2022-12-26,12.79,13.033546
2022-12-26,12.78,13.033546
2022-12-26,12.77,13.036259
2022-12-26,12.78,13.036259
2022-12-26,12.78,13.038308
2022-12-26,12.78,13.038308
2022-12-26,12.77,13.038308
2022-12-26,12.79,13.038308
2022-12-26,12.78,13.038308
2022-12-26,12.79,13.041584
2022-12-26,12.77,13.041584
2022-12-26,12.77,13.041584
2022-12-26,12.76,13.039206
2022-12-26,12.8,13.039206
2022-12-26,12.78,13.039206
2022-12-26,12.79,13.039206
2022-12-26,12.8,13.039206
2022-12-26,12.8,13.039206
2022-12-26,12.79,13.039206
2022-12-26,12.81,13.039239
2022-12-26,12.8,13.039239
2022-12-26,12.81,13.039239
2022-12-26,12.8,13.039239
2022-12-26,12.79,13.040395
2022-12-26,12.8,13.040395
2022-12-26,12.81,13.040395
2022-12-26,12.8,13.040395
2022-12-26,12.79,13.0394945
2022-12-26,12.79,13.029612
2022-12-26,12.79,13.029612
2022-12-26,12.79,13.029209
2022-12-26,12.79,13.028444
2022-12-26,12.79,13.034573
2022-12-26,12.78,13.028071
2022-12-26,12.8,13.028071
2022-12-26,12.79,13.028071
2022-12-26,12.79,13.028071
2022-12-26,12.8,13.028071
2022-12-26,12.79,13.028071
2022-12-26,12.79,13.028071
2022-12-26,12.8,13.028358
2022-12-26,12.79,13.028358
2022-12-26,12.79,13.028358
2022-12-26,12.79,13.028358
2022-12-26,12.8,13.024186
2022-12-26,12.79,13.025132
2022-12-26,12.8,13.029009
2022-12-26,12.79,13.026723
2022-12-26,12.79,13.024434
2022-12-26,12.79,13.02075
2022-12-26,12.79,13.02075
2022-12-26,12.79,13.02075
2022-12-26,12.79,13.02075
2022-12-26,12.78,13.02075
2022-12-26,12.78,13.020647
2022-12-26,12.78,13.019348
2022-12-26,12.78,13.020838
2022-12-26,12.78,13.021698
2022-12-26,12.76,13.022202
2022-12-26,12.75,13.022202
2022-12-26,12.75,13.020157
2022-12-26,12.74,13.020373
2022-12-26,12.7300005,13.015689
2022-12-26,12.72,13.013131
2022-12-26,12.7300005,13.013131
2022-12-26,12.7300005,13.013461
2022-12-26,12.7300005,13.013461
2022-12-26,12.7300005,13.013461
2022-12-26,12.75,13.017506
2022-12-26,12.74,13.017506
2022-12-26,12.74,13.017506
2022-12-26,12.75,13.017506
2022-12-26,12.74,13.017506
2022-12-26,12.75,13.01575
2022-12-26,12.74,13.01575
2022-12-26,12.7300005,13.01575
2022-12-26,12.75,13.01575
2022-12-26,12.76,13.01575
2022-12-26,12.77,13.01575
2022-12-26,12.77,13.017944
2022-12-26,12.77,13.017944
2022-12-26,12.79,13.012023
2022-12-26,12.77,13.012023
2022-12-26,12.77,13.012023
2022-12-26,12.77,12.994507
2022-12-26,12.77,12.997328
2022-12-27,12.87,13.00001
2022-12-27,12.96,13.002429
2022-12-27,12.96,13.021281
2022-12-27,12.92,13.021281
2022-12-27,12.95,13.0265
2022-12-27,12.95,13.0265
2022-12-27,12.93,13.0265
2022-12-27,12.96,13.0265
2022-12-27,12.9800005,13.036821
2022-12-27,12.97,13.036414
2022-12-27,13.0,13.036414
2022-12-27,13.03,13.036414
2022-12-27,13.03,13.036414
2022-12-27,13.03,13.036414
2022-12-27,13.06,13.036414
2022-12-27,13.05,13.036414
2022-12-27,13.05,13.036414
2022-12-27,13.05,13.036414
2022-12-27,13.02,13.036414
2022-12-27,13.03,13.036415
2022-12-27,13.02,13.036415
2022-12-27,13.06,13.036415
2022-12-27,13.07,13.036415
2022-12-27,13.06,13.036415
2022-12-27,13.06,13.036415
2022-12-27,13.05,13.036415
2022-12-27,13.06,13.036415
2022-12-27,13.06,13.036415
2022-12-27,13.06,13.036415
2022-12-27,13.06,13.036415
2022-12-27,13.06,13.036415
2022-12-27,13.08,13.036415
2022-12-27,13.09,13.036415
2022-12-27,13.13,13.036416
2022-12-27,13.14,13.036416
2022-12-27,13.13,13.036416
2022-12-27,13.14,13.036416
2022-12-27,13.15,13.037948
2022-12-27,13.17,13.037948
2022-12-27,13.17,13.037948
2022-12-27,13.17,13.037948
2022-12-27,13.18,13.037948
2022-12-27,13.17,13.036628
2022-12-27,13.15,13.036629
2022-12-27,13.14,13.036629
2022-12-27,13.13,13.036629
2022-12-27,13.12,13.036629
2022-12-27,13.11,13.03517
2022-12-27,13.12,13.03517
2022-12-27,13.13,13.03517
2022-12-27,13.14,13.03517
2022-12-27,13.14,13.03517
2022-12-27,13.12,13.03517
2022-12-27,13.12,13.031484
2022-12-27,13.11,13.030418
2022-12-27,13.1,13.031623
2022-12-27,13.11,13.031624
2022-12-27,13.13,13.031623
2022-12-27,13.12,13.031623
2022-12-27,13.12,13.053518
2022-12-27,13.13,13.076075
2022-12-27,13.13,13.076075
2022-12-27,13.11,13.071334
2022-12-27,13.09,13.069592
2022-12-27,13.09,13.070702
2022-12-27,13.08,13.070702
2022-12-27,13.08,13.070702
2022-12-27,13.08,13.07001
2022-12-27,13.1,13.068255
2022-12-27,13.1,13.069093
2022-12-27,13.1,13.06856
2022-12-27,13.09,13.078682
2022-12-27,13.08,13.092135
2022-12-27,13.08,13.092135
2022-12-27,13.1,13.092135
2022-12-27,13.1,13.089651
2022-12-27,13.12,13.089651
2022-12-27,13.12,13.0865
2022-12-27,13.1,13.085629
2022-12-27,13.1,13.085629
2022-12-27,13.12,13.085629
2022-12-27,13.12,13.085629
2022-12-27,13.12,13.085629
2022-12-27,13.12,13.086038
2022-12-27,13.11,13.086038
2022-12-27,13.11,13.086038
2022-12-27,13.12,13.090305
2022-12-27,13.13,13.087772
2022-12-27,13.13,13.087027
2022-12-27,13.13,13.093271
2022-12-27,13.12,13.093271
2022-12-27,13.11,13.093271
2022-12-27,13.1,13.095199
2022-12-27,13.1,13.0963955
2022-12-27,13.1,13.098932
2022-12-27,13.11,13.098932
2022-12-27,13.11,13.098932
2022-12-27,13.11,13.0953865
2022-12-27,13.13,13.093849
2022-12-27,13.12,13.093849
2022-12-27,13.12,13.093958
2022-12-27,13.15,13.093958
2022-12-27,13.15,13.094103
2022-12-27,13.13,13.0947485
2022-12-27,13.13,13.091873
2022-12-27,13.15,13.087033
2022-12-27,13.14,13.085949
2022-12-27,13.13,13.0822315
2022-12-27,13.13,13.0822315
2022-12-27,13.14,13.083217
2022-12-27,13.14,13.083217
2022-12-27,13.16,13.08456
2022-12-27,13.16,13.08456
2022-12-27,13.15,13.08456
2022-12-27,13.16,13.084011
2022-12-27,13.16,13.084011
2022-12-27,13.18,13.084011
2022-12-27,13.17,13.081486
2022-12-27,13.17,13.081486
2022-12-27,13.18,13.078386
2022-12-27,13.190001,13.086172
2022-12-27,13.21,13.084943
2022-12-27,13.22,13.10829
2022-12-27,13.21,13.109258
2022-12-27,13.2,13.109258
2022-12-27,13.190001,13.109258
2022-12-27,13.190001,13.109258
2022-12-27,13.18,13.10764
2022-12-27,13.190001,13.107617
2022-12-27,13.17,13.107841
2022-12-27,13.16,13.107841
2022-12-27,13.16,13.108053
2022-12-27,13.13,13.106662
2022-12-27,13.13,13.109252
2022-12-27,13.16,13.108393
2022-12-27,13.14,13.109241
2022-12-27,13.13,13.109241
2022-12-27,13.12,13.109241
2022-12-27,13.12,13.109241
2022-12-27,13.11,13.11096
2022-12-27,13.11,13.113755
2022-12-27,13.11,13.114072
2022-12-27,13.08,13.114455
2022-12-27,13.09,13.116146
2022-12-27,13.09,13.116106
2022-12-27,13.09,13.114458
2022-12-27,13.09,13.11425
2022-12-27,13.09,13.11425
2022-12-27,13.11,13.11425
2022-12-27,13.11,13.114854
2022-12-27,13.11,13.114854
2022-12-27,13.09,13.114854
2022-12-27,13.1,13.114854
2022-12-27,13.1,13.114398
2022-12-27,13.1,13.114398
2022-12-27,13.08,13.114398
2022-12-27,13.1,13.113783
2022-12-27,13.1,13.113783
2022-12-27,13.1,13.113783
2022-12-27,13.09,13.113783
2022-12-27,13.09,13.113783
2022-12-27,13.09,13.112764
2022-12-27,13.09,13.112764
2022-12-27,13.09,13.112764
2022-12-27,13.09,13.114655
2022-12-27,13.1,13.114655
2022-12-27,13.1,13.114658
2022-12-27,13.11,13.114658
2022-12-27,13.11,13.114658
2022-12-27,13.12,13.114658
2022-12-27,13.12,13.114658
2022-12-27,13.12,13.116019
2022-12-27,13.11,13.116019
2022-12-27,13.11,13.116019
2022-12-27,13.1,13.116019
2022-12-27,13.11,13.115171
2022-12-27,13.11,13.115011
2022-12-27,13.1,13.115011
2022-12-27,13.1,13.115011
2022-12-27,13.1,13.112698
2022-12-27,13.12,13.112698
2022-12-27,13.12,13.112698
2022-12-27,13.11,13.0926895
2022-12-27,13.12,13.093399
2022-12-27,13.12,13.093399
2022-12-27,13.12,13.092109
2022-12-27,13.11,13.092991
2022-12-27,13.12,13.0911665
2022-12-27,13.14,13.08974
2022-12-27,13.13,13.091346
2022-12-27,13.14,13.090287
2022-12-27,13.13,13.090132
2022-12-27,13.13,13.090132
2022-12-27,13.14,13.090132
2022-12-27,13.13,13.090132
2022-12-27,13.14,13.091254
2022-12-27,13.14,13.091255
2022-12-27,13.13,13.091255
2022-12-27,13.14,13.091255
2022-12-27,13.14,13.091254
2022-12-27,13.15,13.091406
2022-12-27,13.14,13.093009
2022-12-27,13.13,13.095358
2022-12-27,13.13,13.092738
2022-12-27,13.13,13.096245
2022-12-27,13.14,13.096245
2022-12-27,13.15,13.097849
2022-12-27,13.15,13.097849
2022-12-27,13.15,13.097849
2022-12-27,13.14,13.097849
2022-12-27,13.14,13.097849
2022-12-27,13.13,13.097179
2022-12-27,13.13,13.097179
2022-12-27,13.13,13.097179
2022-12-27,13.12,13.097179
2022-12-27,13.12,13.097179
2022-12-27,13.12,13.09718
2022-12-27,13.12,13.09718
2022-12-27,13.13,13.09718
2022-12-27,13.12,13.09718
2022-12-27,13.12,13.09718
2022-12-27,13.12,13.09718
2022-12-27,13.11,13.09718
2022-12-27,13.11,13.097179
2022-12-27,13.11,13.097179
2022-12-27,13.11,13.097179
2022-12-27,13.12,13.096299
2022-12-27,13.13,13.096299
2022-12-27,13.12,13.101797
2022-12-27,13.1,13.101797
2022-12-27,13.11,13.102136
2022-12-27,13.1,13.1011915
2022-12-27,13.09,13.1011915
2022-12-27,13.09,13.1011915
2022-12-27,13.1,13.1011915
2022-12-27,13.09,13.101111
2022-12-27,13.09,13.102507
2022-12-27,13.09,13.103393
2022-12-27,13.1,13.103393
2022-12-27,13.1,13.093086
2022-12-27,13.11,13.103198
2022-12-28,13.16,13.10464
2022-12-28,13.07,13.10464
2022-12-28,13.11,13.130446
2022-12-28,13.1,13.130446
2022-12-28,13.06,13.131193
2022-12-28,13.07,13.131231
2022-12-28,13.1,13.130461
2022-12-28,13.09,13.130461
2022-12-28,13.06,13.130461
2022-12-28,13.04,13.130461
2022-12-28,13.03,13.131203
2022-12-28,13.02,13.132744
2022-12-28,13.04,13.129548
2022-12-28,13.03,13.129548
2022-12-28,13.06,13.129787
2022-12-28,13.06,13.130197
2022-12-28,13.05,13.135877
2022-12-28,13.05,13.136434
2022-12-28,13.04,13.135209
2022-12-28,13.03,13.138355
2022-12-28,13.04,13.138355
2022-12-28,13.04,13.138355
2022-12-28,13.03,13.138355
2022-12-28,13.05,13.138355
2022-12-28,13.04,13.138355
2022-12-28,13.05,13.138355
2022-12-28,13.09,13.138355
2022-12-28,13.07,13.138355
2022-12-28,13.09,13.138355
2022-12-28,13.08,13.138355
2022-12-28,13.09,13.138355
2022-12-28,13.1,13.138355
2022-12-28,13.11,13.138355
2022-12-28,13.12,13.138355
2022-12-28,13.09,13.138355
2022-12-28,13.1,13.138355
2022-12-28,13.12,13.138355
2022-12-28,13.14,13.138355
2022-12-28,13.15,13.138355
2022-12-28,13.13,13.138355
2022-12-28,13.12,13.138355
2022-12-28,13.13,13.138355
2022-12-28,13.13,13.138355
2022-12-28,13.13,13.138355
2022-12-28,13.13,13.138355
2022-12-28,13.14,13.137579
2022-12-28,13.15,13.137579
2022-12-28,13.18,13.13613
2022-12-28,13.17,13.136131
2022-12-28,13.18,13.13613
2022-12-28,13.2,13.136131
2022-12-28,13.24,13.13613
2022-12-28,13.22,13.13613
2022-12-28,13.29,13.13613
2022-12-28,13.28,13.136131
2022-12-28,13.3,13.13613
2022-12-28,13.31,13.13613
2022-12-28,13.32,13.135471
2022-12-28,13.37,13.135471
2022-12-28,13.32,13.161699
2022-12-28,13.26,13.166065
2022-12-28,13.27,13.166065
2022-12-28,13.25,13.166387
2022-12-28,13.26,13.166387
2022-12-28,13.24,13.169054
2022-12-28,13.24,13.169054
2022-12-28,13.24,13.169054
2022-12-28,13.25,13.169496
2022-12-28,13.25,13.169496
2022-12-28,13.25,13.169496
2022-12-28,13.2300005,13.169496
2022-12-28,13.21,13.169496
2022-12-28,13.22,13.177241
2022-12-28,13.22,13.18374
2022-12-28,13.22,13.18565
2022-12-28,13.2300005,13.185109
2022-12-28,13.22,13.185109
2022-12-28,13.22,13.183391
2022-12-28,13.25,13.182663
2022-12-28,13.26,13.18283
2022-12-28,13.24,13.18283
2022-12-28,13.24,13.182661
2022-12-28,13.2300005,13.18419
2022-12-28,13.24,13.181385
2022-12-28,13.25,13.181385
2022-12-28,13.26,13.18815
2022-12-28,13.2300005,13.18815
2022-12-28,13.22,13.189234
2022-12-28,13.18,13.187502
2022-12-28,13.17,13.187502
2022-12-28,13.15,13.189189
2022-12-28,13.14,13.189189
2022-12-28,13.14,13.1882
2022-12-28,13.16,13.1882
2022-12-28,13.15,13.1882
2022-12-28,13.16,13.1882
2022-12-28,13.15,13.18725
2022-12-28,13.16,13.18864
2022-12-28,13.16,13.18864
2022-12-28,13.17,13.187589
2022-12-28,13.18,13.187589
2022-12-28,13.17,13.187589
2022-12-28,13.17,13.184528
2022-12-28,13.18,13.184528
2022-12-28,13.18,13.184514
2022-12-28,13.18,13.184517
2022-12-28,13.190001,13.1845045
2022-12-28,13.190001,13.188789
2022-12-28,13.18,13.188783
2022-12-28,13.17,13.189632
2022-12-28,13.18,13.189627
2022-12-28,13.17,13.189622
2022-12-28,13.17,13.189618
2022-12-28,13.18,13.18962
2022-12-28,13.18,13.189614
2022-12-28,13.2,13.1896105
2022-12-28,13.2,13.189608
2022-12-28,13.2,13.189605
2022-12-28,13.190001,13.189602
2022-12-28,13.2,13.186841
2022-12-28,13.2,13.186838
2022-12-28,13.2,13.186835
2022-12-28,13.190001,13.190795
2022-12-28,13.2300005,13.19079
2022-12-28,13.190001,13.190792
2022-12-28,13.190001,13.190792
2022-12-28,13.18,13.190788
2022-12-28,13.190001,13.19079
2022-12-28,13.190001,13.19079
2022-12-28,13.18,13.19079
2022-12-28,13.17,13.190786
2022-12-28,13.16,13.191589
2022-12-28,13.15,13.191589
2022-12-28,13.15,13.190266
2022-12-28,13.15,13.189386
2022-12-28,13.16,13.189387
2022-12-28,13.15,13.189533
2022-12-28,13.16,13.189533
2022-12-28,13.15,13.189533
2022-12-28,13.14,13.189533
2022-12-28,13.14,13.189533
2022-12-28,13.14,13.189533
2022-12-28,13.16,13.189533
2022-12-28,13.17,13.188481
2022-12-28,13.16,13.188481
2022-12-28,13.17,13.188481
2022-12-28,13.16,13.188481
2022-12-28,13.18,13.188481
2022-12-28,13.17,13.188481
2022-12-28,13.16,13.188481
2022-12-28,13.18,13.188481
2022-12-28,13.17,13.188481
2022-12-28,13.17,13.187764
2022-12-28,13.17,13.187764
2022-12-28,13.17,13.187866
2022-12-28,13.16,13.187867
2022-12-28,13.16,13.188412
2022-12-28,13.18,13.189162
2022-12-28,13.17,13.189162
2022-12-28,13.16,13.191207
2022-12-28,13.16,13.190358
2022-12-28,13.18,13.190666
2022-12-28,13.18,13.190666
2022-12-28,13.18,13.190666
2022-12-28,13.18,13.190877
2022-12-28,13.17,13.190868
2022-12-28,13.16,13.190867
2022-12-28,13.15,13.190867
2022-12-28,13.15,13.190867
2022-12-28,13.18,13.190867
2022-12-28,13.16,13.19081
2022-12-28,13.17,13.19081
2022-12-28,13.16,13.190135
2022-12-28,13.17,13.190135
2022-12-28,13.17,13.190135
2022-12-28,13.17,13.190135
2022-12-28,13.17,13.190135
2022-12-28,13.17,13.190135
2022-12-28,13.17,13.190135
2022-12-28,13.16,13.190135
2022-12-28,13.16,13.190358
2022-12-28,13.16,13.189605
2022-12-28,13.16,13.174465
2022-12-28,13.15,13.173664
2022-12-28,13.15,13.173094
2022-12-28,13.16,13.173094
2022-12-28,13.15,13.173094
2022-12-28,13.15,13.17387
2022-12-28,13.15,13.17387
2022-12-28,13.15,13.17387
2022-12-28,13.15,13.17387
2022-12-28,13.14,13.173138
2022-12-28,13.15,13.173138
2022-12-28,13.15,13.1730175
2022-12-28,13.15,13.1730175
2022-12-28,13.15,13.173717
2022-12-28,13.14,13.173195
2022-12-28,13.15,13.173966
2022-12-28,13.14,13.173966
2022-12-28,13.14,13.173966
2022-12-28,13.13,13.173966
2022-12-28,13.14,13.1723585
2022-12-28,13.14,13.173075
2022-12-28,13.15,13.173075
2022-12-28,13.15,13.173075
2022-12-28,13.14,13.173075
2022-12-28,13.17,13.173075
2022-12-28,13.15,13.173075
2022-12-28,13.16,13.173075
2022-12-28,13.15,13.173075
2022-12-28,13.17,13.173075
2022-12-28,13.15,13.17325
2022-12-28,13.15,13.17325
2022-12-28,13.14,13.17325
2022-12-28,13.13,13.17325
2022-12-28,13.14,13.17325
2022-12-28,13.14,13.173448
2022-12-28,13.14,13.173448
2022-12-28,13.15,13.173448
2022-12-28,13.15,13.173448
2022-12-28,13.16,13.173448
2022-12-28,13.15,13.173448
2022-12-28,13.15,13.173448
2022-12-28,13.15,13.173448
2022-12-28,13.17,13.173447
2022-12-28,13.15,13.174965
2022-12-28,13.15,13.174965
2022-12-28,13.15,13.1769085
2022-12-28,13.14,13.1769085
2022-12-28,13.16,13.1769085
2022-12-28,13.15,13.1769085
2022-12-28,13.16,13.1769085
2022-12-28,13.14,13.176769
2022-12-28,13.15,13.176769
2022-12-28,13.14,13.176769
2022-12-28,13.14,13.176769
2022-12-28,13.15,13.174857
2022-12-28,13.15,13.175724
2022-12-28,13.15,13.175724
2022-12-28,13.15,13.167487
2022-12-28,13.14,13.167231
2022-12-29,13.07,13.176126
2022-12-29,13.03,13.170978
2022-12-29,12.95,13.178224
2022-12-29,12.94,13.170305
2022-12-29,12.94,13.1656
2022-12-29,12.96,13.164458
2022-12-29,12.96,13.164457
2022-12-29,12.94,13.164458
2022-12-29,12.93,13.164457
2022-12-29,12.9800005,13.164457
2022-12-29,12.94,13.164458
2022-12-29,12.91,13.152966
2022-12-29,12.92,13.143913
2022-12-29,12.93,13.145191
2022-12-29,12.91,13.145219
2022-12-29,12.9,13.1466875
2022-12-29,12.89,13.139983
2022-12-29,12.88,13.139864
2022-12-29,12.89,13.142102
2022-12-29,12.9,13.145266
2022-12-29,12.91,13.146274
2022-12-29,12.89,13.1491165
2022-12-29,12.91,13.148619
2022-12-29,12.91,13.14862
2022-12-29,12.92,13.148619
2022-12-29,12.89,13.14862
2022-12-29,12.89,13.14862
2022-12-29,12.89,13.146814
2022-12-29,12.89,13.146246
2022-12-29,12.9,13.1451025
2022-12-29,12.9,13.1451025
2022-12-29,12.92,13.1451025
2022-12-29,12.95,13.1451025
2022-12-29,12.95,13.1451025
2022-12-29,12.94,13.145545
2022-12-29,12.97,13.145545
2022-12-29,12.9800005,13.145545
2022-12-29,12.97,13.145545
2022-12-29,12.96,13.145545
2022-12-29,12.97,13.145545
2022-12-29,12.95,13.1459465
2022-12-29,12.97,13.145947
2022-12-29,12.95,13.145947
2022-12-29,12.99,13.145947
2022-12-29,13.0,13.1459465
2022-12-29,12.99,13.1459465
2022-12-29,13.02,13.145947
2022-12-29,13.02,13.1459465
2022-12-29,13.0,13.1459465
2022-12-29,13.02,13.145947
2022-12-29,13.01,13.1459465
2022-12-29,13.0,13.1459465
2022-12-29,13.02,13.145947
2022-12-29,13.02,13.1459465
2022-12-29,13.0,13.1459465
2022-12-29,12.99,13.1459465
2022-12-29,13.0,13.1459465
2022-12-29,13.01,13.1459465
2022-12-29,13.04,13.1459465
2022-12-29,13.02,13.157887
2022-12-29,13.03,13.159615
2022-12-29,13.03,13.159615
2022-12-29,13.04,13.135883
2022-12-29,13.04,13.135883
2022-12-29,13.05,13.135883
2022-12-29,13.07,13.135883
2022-12-29,13.06,13.137888
2022-12-29,13.07,13.137888
2022-12-29,13.05,13.136403
2022-12-29,13.09,13.136403
2022-12-29,13.07,13.136403
2022-12-29,13.05,13.136403
2022-12-29,13.07,13.131418
2022-12-29,13.06,13.131029
2022-12-29,13.05,13.131029
2022-12-29,13.05,13.13374
2022-12-29,13.03,13.13374
2022-12-29,13.01,13.121031
2022-12-29,13.02,13.121031
2022-12-29,13.02,13.12103
2022-12-29,13.02,13.12103
2022-12-29,12.99,13.12103
2022-12-29,12.99,13.121551
2022-12-29,13.0,13.12257
2022-12-29,13.0,13.12257
2022-12-29,13.0,13.119136
2022-12-29,13.0,13.119878
2022-12-29,13.04,13.11845
2022-12-29,13.02,13.119669
2022-12-29,13.05,13.119206
2022-12-29,13.04,13.124532
2022-12-29,13.05,13.122798
2022-12-29,13.03,13.126425
2022-12-29,13.02,13.126768
2022-12-29,13.01,13.126768
2022-12-29,12.9800005,13.126768
2022-12-29,13.02,13.128121
2022-12-29,13.02,13.127518
2022-12-29,12.99,13.128748
2022-12-29,12.9800005,13.128748
2022-12-29,12.97,13.126625
2022-12-29,12.97,13.1279545
2022-12-29,12.93,13.126152
2022-12-29,12.93,13.123968
2022-12-29,12.94,13.122977
2022-12-29,12.93,13.125002
2022-12-29,12.95,13.124788
2022-12-29,12.94,13.121678
2022-12-29,12.93,13.122152
2022-12-29,12.92,13.122152
2022-12-29,12.92,13.122155
2022-12-29,12.93,13.120577
2022-12-29,12.93,13.120577
2022-12-29,12.94,13.115149
2022-12-29,12.94,13.114928
2022-12-29,12.94,13.116677
2022-12-29,12.94,13.116677
2022-12-29,12.94,13.116904
2022-12-29,12.93,13.116938
2022-12-29,12.93,13.114607
2022-12-29,12.93,13.114607
2022-12-29,12.93,13.114607
2022-12-29,12.92,13.116859
2022-12-29,12.92,13.115641
2022-12-29,12.94,13.115641
2022-12-29,12.94,13.115641
2022-12-29,12.95,13.115641
2022-12-29,12.94,13.115641
2022-12-29,12.94,13.115641
2022-12-29,12.94,13.115641
2022-12-29,12.94,13.115641
2022-12-29,12.96,13.115641
2022-12-29,12.94,13.115641
2022-12-29,12.96,13.115641
2022-12-29,12.94,13.115641
2022-12-29,12.94,13.115641
2022-12-29,12.93,13.115641
2022-12-29,12.94,13.115641
2022-12-29,12.94,13.115641
2022-12-29,12.94,13.115641
2022-12-29,12.94,13.115641
2022-12-29,12.96,13.115641
2022-12-29,12.94,13.115641
2022-12-29,12.94,13.115641
2022-12-29,12.95,13.115641
2022-12-29,12.95,13.115641
2022-12-29,12.94,13.115641
2022-12-29,12.95,13.118881
2022-12-29,12.96,13.118881
2022-12-29,12.95,13.118881
2022-12-29,12.95,13.118881
2022-12-29,12.97,13.118881
2022-12-29,12.96,13.113533
2022-12-29,12.95,13.113533
2022-12-29,12.95,13.113533
2022-12-29,12.94,13.113533
2022-12-29,12.95,13.113533
2022-12-29,12.94,13.113533
2022-12-29,12.95,13.113533
2022-12-29,12.94,13.113533
2022-12-29,12.93,13.113788
2022-12-29,12.92,13.113788
2022-12-29,12.92,13.113788
2022-12-29,12.92,13.113788
2022-12-29,12.92,13.113788
2022-12-29,12.91,13.111966
2022-12-29,12.91,13.111966
2022-12-29,12.92,13.111966
2022-12-29,12.91,13.111966
2022-12-29,12.92,13.111966
2022-12-29,12.92,13.111966
2022-12-29,12.93,13.111966
2022-12-29,12.92,13.113314
2022-12-29,12.91,13.113314
2022-12-29,12.91,13.113314
2022-12-29,12.92,13.115827
2022-12-29,12.93,13.115827
2022-12-29,12.92,13.116481
2022-12-29,12.92,13.116596
2022-12-29,12.92,13.117451
2022-12-29,12.92,13.11772
2022-12-29,12.92,13.11772
2022-12-29,12.93,13.113592
2022-12-29,12.93,13.113511
2022-12-29,12.93,13.116257
2022-12-29,12.94,13.116257
2022-12-29,12.94,13.116257
2022-12-29,12.94,13.116257
2022-12-29,12.93,13.11978
2022-12-29,12.94,13.11978
2022-12-29,12.95,13.11978
2022-12-29,12.94,13.121207
2022-12-29,12.95,13.121207
2022-12-29,12.97,13.121207
2022-12-29,12.97,13.124334
2022-12-29,12.97,13.124334
2022-12-29,12.97,13.124334
2022-12-29,12.9800005,13.124334
2022-12-29,12.99,13.124334
2022-12-29,13.0,13.124334
2022-12-29,12.99,13.124334
2022-12-29,13.0,13.124334
2022-12-29,12.9800005,13.124334
2022-12-29,12.9800005,13.124334
2022-12-29,12.99,13.124334
2022-12-29,12.9800005,13.124334
2022-12-29,12.99,13.124673
2022-12-29,13.0,13.123927
2022-12-29,13.01,13.121316
2022-12-29,13.0,13.122198
2022-12-29,13.0,13.12286
2022-12-29,13.02,13.12286
2022-12-29,13.01,13.12286
2022-12-29,13.01,13.12286
2022-12-29,13.02,13.12286
2022-12-29,13.01,13.125917
2022-12-29,13.04,13.125917
2022-12-29,13.02,13.124988
2022-12-29,13.03,13.124988
2022-12-29,13.03,13.124988
2022-12-29,13.04,13.125001
2022-12-29,13.02,13.125001
2022-12-29,13.01,13.123431
2022-12-29,13.02,13.124346
2022-12-29,13.01,13.124346
2022-12-29,13.0,13.124235
2022-12-29,12.9800005,13.124235
2022-12-29,13.0,13.126442
2022-12-29,13.02,13.128719
2022-12-29,13.02,13.128719
2022-12-29,13.0,13.128719
2022-12-29,13.01,13.128719
2022-12-29,13.02,13.128719
2022-12-29,13.0,13.128991
2022-12-29,13.02,13.128741
2022-12-29,13.0,13.130094
2022-12-29,13.01,13.130094
2022-12-29,13.0,13.130522
2022-12-29,13.0,13.129653
2022-12-29,13.0,13.124565
2022-12-29,13.03,13.123893
2022-12-30,13.04,13.129175
2022-12-30,13.11,13.147075
2022-12-30,13.13,13.211301
2022-12-30,13.12,13.211301
2022-12-30,13.09,13.211301
2022-12-30,13.1,13.211301
2022-12-30,13.07,13.211148
2022-12-30,13.05,13.21018
2022-12-30,13.09,13.20973
2022-12-30,13.06,13.211575
2022-12-30,13.05,13.211575
2022-12-30,13.05,13.211575
2022-12-30,13.03,13.211575
2022-12-30,13.04,13.211575
2022-12-30,13.04,13.211575
2022-12-30,13.04,13.211575
2022-12-30,13.05,13.211575
2022-12-30,13.1,13.211318
2022-12-30,13.12,13.211723
2022-12-30,13.08,13.212208
2022-12-30,13.07,13.211372
2022-12-30,13.06,13.211556
2022-12-30,13.08,13.211556
2022-12-30,13.07,13.211556
2022-12-30,13.07,13.211556
2022-12-30,13.08,13.211826
2022-12-30,13.09,13.211826
2022-12-30,13.07,13.211595
2022-12-30,13.07,13.211595
2022-12-30,13.06,13.211595
2022-12-30,13.06,13.213633
2022-12-30,13.05,13.213633
2022-12-30,13.05,13.213633
2022-12-30,13.05,13.213633
2022-12-30,13.06,13.213633
2022-12-30,13.07,13.214226
2022-12-30,13.04,13.214226
2022-12-30,13.05,13.214613
2022-12-30,13.05,13.215515
2022-12-30,13.07,13.215515
2022-12-30,13.08,13.214162
2022-12-30,13.08,13.212794
2022-12-30,13.06,13.213003
2022-12-30,13.08,13.213003
2022-12-30,13.06,13.212553
2022-12-30,13.05,13.212552
2022-12-30,13.0,13.212552
2022-12-30,13.01,13.212372
2022-12-30,12.99,13.21232
2022-12-30,13.0,13.211997
2022-12-30,12.9800005,13.212326
2022-12-30,12.99,13.212696
2022-12-30,12.9800005,13.212696
2022-12-30,12.97,13.212026
2022-12-30,12.9800005,13.210748
2022-12-30,12.9800005,13.211356
2022-12-30,12.99,13.212164
2022-12-30,12.99,13.215689
2022-12-30,13.0,13.217225
2022-12-30,13.01,13.234496
2022-12-30,13.04,13.280686
2022-12-30,13.04,13.280686
2022-12-30,13.02,13.28206
2022-12-30,13.0,13.286336
2022-12-30,13.01,13.286116
2022-12-30,13.01,13.28722
2022-12-30,13.01,13.28722
2022-12-30,13.05,13.284226
2022-12-30,13.04,13.284226
2022-12-30,13.03,13.288274
2022-12-30,13.03,13.286835
2022-12-30,13.04,13.286834
2022-12-30,13.02,13.286834
2022-12-30,13.01,13.286929
2022-12-30,13.02,13.286929
2022-12-30,13.03,13.286929
2022-12-30,13.05,13.286929
2022-12-30,13.03,13.286929
2022-12-30,13.07,13.28779
2022-12-30,13.07,13.287573
2022-12-30,13.07,13.287582
2022-12-30,13.07,13.288084
2022-12-30,13.1,13.288845
2022-12-30,13.11,13.288845
2022-12-30,13.09,13.288845
2022-12-30,13.11,13.290342
2022-12-30,13.11,13.290342
2022-12-30,13.13,13.290342
2022-12-30,13.16,13.289899
2022-12-30,13.14,13.291974
2022-12-30,13.13,13.291974
2022-12-30,13.13,13.291974
2022-12-30,13.16,13.291974
2022-12-30,13.2,13.291974
2022-12-30,13.190001,13.291974
2022-12-30,13.22,13.291974
2022-12-30,13.2300005,13.291974
2022-12-30,13.2300005,13.291974
2022-12-30,13.22,13.292165
2022-12-30,13.2300005,13.291535
2022-12-30,13.21,13.291535
2022-12-30,13.2300005,13.291535
2022-12-30,13.2300005,13.290948
2022-12-30,13.22,13.290948
2022-12-30,13.22,13.290948
2022-12-30,13.24,13.290948
2022-12-30,13.25,13.290948
2022-12-30,13.27,13.290461
2022-12-30,13.27,13.291353
2022-12-30,13.26,13.291353
2022-12-30,13.2300005,13.291353
2022-12-30,13.2300005,13.291353
2022-12-30,13.22,13.291353
2022-12-30,13.22,13.290668
2022-12-30,13.2300005,13.291301
2022-12-30,13.22,13.291302
2022-12-30,13.25,13.28997
2022-12-30,13.2300005,13.289969
2022-12-30,13.2300005,13.28997
2022-12-30,13.2300005,13.28997
2022-12-30,13.21,13.28997
2022-12-30,13.22,13.28997
2022-12-30,13.2,13.294672
2022-12-30,13.190001,13.294672
2022-12-30,13.17,13.294672
2022-12-30,13.18,13.294672
2022-12-30,13.17,13.294672
2022-12-30,13.17,13.297027
2022-12-30,13.18,13.297028
2022-12-30,13.18,13.297028
2022-12-30,13.18,13.2966175
2022-12-30,13.16,13.2966175
2022-12-30,13.17,13.2966175
2022-12-30,13.2,13.296714
2022-12-30,13.190001,13.29796
2022-12-30,13.17,13.29796
2022-12-30,13.18,13.29796
2022-12-30,13.190001,13.29796
2022-12-30,13.18,13.29796
2022-12-30,13.17,13.2980385
2022-12-30,13.16,13.2980385
2022-12-30,13.15,13.2980385
2022-12-30,13.16,13.298572
2022-12-30,13.15,13.298572
2022-12-30,13.14,13.298572
2022-12-30,13.14,13.298572
2022-12-30,13.15,13.298572
2022-12-30,13.15,13.29828
2022-12-30,13.14,13.298279
2022-12-30,13.14,13.298279
2022-12-30,13.15,13.29828
2022-12-30,13.15,13.299926
2022-12-30,13.15,13.299926
2022-12-30,13.17,13.299926
2022-12-30,13.17,13.299854
2022-12-30,13.16,13.299854
2022-12-30,13.17,13.299901
2022-12-30,13.17,13.299748
2022-12-30,13.17,13.299748
2022-12-30,13.17,13.299532
2022-12-30,13.17,13.299832
2022-12-30,13.18,13.298206
2022-12-30,13.16,13.298206
2022-12-30,13.16,13.298205
2022-12-30,13.14,13.2975445
2022-12-30,13.15,13.297545
2022-12-30,13.15,13.297545
2022-12-30,13.16,13.297545
2022-12-30,13.15,13.2975445
2022-12-30,13.17,13.2975445
2022-12-30,13.17,13.297545
2022-12-30,13.17,13.2975445
2022-12-30,13.16,13.2975445
2022-12-30,13.18,13.297545
2022-12-30,13.18,13.2975445
2022-12-30,13.18,13.2975445
2022-12-30,13.190001,13.2975445
2022-12-30,13.2,13.2975445
2022-12-30,13.18,13.2975445
2022-12-30,13.2,13.297357
2022-12-30,13.22,13.2977915
2022-12-30,13.22,13.2978525
2022-12-30,13.21,13.293614
2022-12-30,13.21,13.293614
2022-12-30,13.2,13.293614
2022-12-30,13.190001,13.293614
2022-12-30,13.2,13.293614
2022-12-30,13.2,13.29285
2022-12-30,13.21,13.29285
2022-12-30,13.21,13.292659
2022-12-30,13.2,13.292659
2022-12-30,13.2,13.292659
2022-12-30,13.2,13.292658
2022-12-30,13.190001,13.292659
2022-12-30,13.2,13.292159
2022-12-30,13.21,13.292159
2022-12-30,13.22,13.292159
2022-12-30,13.22,13.292159
2022-12-30,13.21,13.292159
2022-12-30,13.21,13.292159
2022-12-30,13.2,13.292159
2022-12-30,13.21,13.292159
2022-12-30,13.190001,13.292235
2022-12-30,13.190001,13.292486
2022-12-30,13.190001,13.292646
2022-12-30,13.190001,13.29179
2022-12-30,13.17,13.29179
2022-12-30,13.16,13.29179
2022-12-30,13.17,13.291803
2022-12-30,13.17,13.291803
2022-12-30,13.18,13.291803
2022-12-30,13.16,13.291812
2022-12-30,13.18,13.291812
2022-12-30,13.17,13.291812
2022-12-30,13.17,13.2916975
2022-12-30,13.16,13.290905
2022-12-30,13.16,13.290905
2022-12-30,13.17,13.291022
2022-12-30,13.17,13.28906
2022-12-30,13.17,13.28906
2022-12-30,13.16,13.28906
2022-12-30,13.15,13.2901
2022-12-30,13.17,13.291698
2022-12-30,13.16,13.291777
2022-12-30,13.16,13.291777
2022-12-30,13.17,13.291654
2022-12-30,13.18,13.290712
2022-12-30,13.18,13.289562
2022-12-30,13.18,13.289562
2022-12-30,13.17,13.289562
2022-12-30,13.17,13.288028
2022-12-30,13.18,13.288028
2022-12-30,13.17,13.288028
2022-12-30,13.17,13.289078
2022-12-30,13.17,13.289801
2022-12-30,13.17,13.29012
2022-12-30,13.17,13.289993
2022-12-30,13.17,13.289666
2022-12-30,13.16,13.29058
2022-12-30,13.16,13.290592
2022-12-30,13.16,13.288129
2023-01-03,13.2,13.289993
2023-01-03,13.16,13.189936
2023-01-03,13.14,13.213089
2023-01-03,13.15,13.213089
2023-01-03,13.190001,13.21309
2023-01-03,13.18,13.21309
2023-01-03,13.190001,13.213091
2023-01-03,13.16,13.208328
2023-01-03,13.14,13.208329
2023-01-03,13.12,13.20583
2023-01-03,13.11,13.199739
2023-01-03,13.07,13.201552
2023-01-03,13.09,13.202044
2023-01-03,13.1,13.208763
2023-01-03,13.14,13.211647
2023-01-03,13.15,13.211647
2023-01-03,13.18,13.211647
2023-01-03,13.17,13.211647
2023-01-03,13.24,13.213755
2023-01-03,13.24,13.213755
2023-01-03,13.28,13.213755
2023-01-03,13.27,13.213755
2023-01-03,13.26,13.213754
2023-01-03,13.27,13.213755
2023-01-03,13.27,13.215733
2023-01-03,13.29,13.215733
2023-01-03,13.3,13.216668
2023-01-03,13.3,13.216668
2023-01-03,13.34,13.216668
2023-01-03,13.34,13.216668
2023-01-03,13.46,13.216668
2023-01-03,13.39,13.216668
2023-01-03,13.37,13.216668
2023-01-03,13.38,13.216668
2023-01-03,13.38,13.216668
2023-01-03,13.4,13.216668
2023-01-03,13.38,13.216668
2023-01-03,13.38,13.216668
2023-01-03,13.36,13.216668
2023-01-03,13.37,13.216668
2023-01-03,13.37,13.216668
2023-01-03,13.38,13.216668
2023-01-03,13.38,13.216668
2023-01-03,13.42,13.216668
2023-01-03,13.42,13.216668
2023-01-03,13.41,13.216668
2023-01-03,13.41,13.2221155
2023-01-03,13.42,13.223151
2023-01-03,13.43,13.223151
2023-01-03,13.44,13.218346
2023-01-03,13.46,13.218346
2023-01-03,13.45,13.220482
2023-01-03,13.45,13.220931
2023-01-03,13.46,13.220509
2023-01-03,13.46,13.220509
2023-01-03,13.49,13.220509
2023-01-03,13.57,13.220509
2023-01-03,13.58,13.220509
2023-01-03,13.56,13.220509
2023-01-03,13.55,13.214084
2023-01-03,13.55,13.197688
2023-01-03,13.55,13.197688
2023-01-03,13.59,13.192108
2023-01-03,13.58,13.190044
2023-01-03,13.59,13.188158
2023-01-03,13.58,13.187829
2023-01-03,13.57,13.18817
2023-01-03,13.56,13.18817
2023-01-03,13.55,13.18817
2023-01-03,13.52,13.186258
2023-01-03,13.52,13.186258
2023-01-03,13.5,13.186258
2023-01-03,13.51,13.199722
2023-01-03,13.51,13.199722
2023-01-03,13.51,13.203529
2023-01-03,13.53,13.203529
2023-01-03,13.49,13.204754
2023-01-03,13.46,13.203732
2023-01-03,13.49,13.203732
2023-01-03,13.49,13.203732
2023-01-03,13.5,13.203728
2023-01-03,13.48,13.198118
2023-01-03,13.48,13.198118
2023-01-03,13.49,13.198118
2023-01-03,13.52,13.198118
2023-01-03,13.52,13.198118
2023-01-03,13.51,13.198118
2023-01-03,13.5,13.199111
2023-01-03,13.49,13.201878
2023-01-03,13.48,13.200552
2023-01-03,13.48,13.199733
2023-01-03,13.49,13.199689
2023-01-03,13.49,13.206679
2023-01-03,13.49,13.206679
2023-01-03,13.49,13.206679
2023-01-03,13.51,13.206679
2023-01-03,13.52,13.207525
2023-01-03,13.53,13.207525
2023-01-03,13.5,13.207525
2023-01-03,13.51,13.207525
2023-01-03,13.5,13.207525
2023-01-03,13.52,13.208524
2023-01-03,13.5,13.20717
2023-01-03,13.48,13.206981
2023-01-03,13.5,13.206344
2023-01-03,13.48,13.206344
2023-01-03,13.5,13.206344
2023-01-03,13.52,13.206344
2023-01-03,13.54,13.206344
2023-01-03,13.54,13.210022
2023-01-03,13.55,13.213095
2023-01-03,13.57,13.213095
2023-01-03,13.57,13.213095
2023-01-03,13.57,13.214936
2023-01-03,13.58,13.214937
2023-01-03,13.56,13.214937
2023-01-03,13.56,13.216752
2023-01-03,13.56,13.212026
2023-01-03,13.57,13.20931
2023-01-03,13.59,13.20931
2023-01-03,13.59,13.209444
2023-01-03,13.57,13.209444
2023-01-03,13.57,13.219386
2023-01-03,13.54,13.219387
2023-01-03,13.52,13.219386
2023-01-03,13.52,13.219386
2023-01-03,13.54,13.219387
2023-01-03,13.53,13.219386
2023-01-03,13.53,13.219387
2023-01-03,13.53,13.219386
2023-01-03,13.55,13.219387
2023-01-03,13.55,13.219386
2023-01-03,13.58,13.219386
2023-01-03,13.58,13.219386
2023-01-03,13.59,13.219386
2023-01-03,13.58,13.219387
2023-01-03,13.6,13.219387
2023-01-03,13.59,13.222495
2023-01-03,13.59,13.222493
2023-01-03,13.59,13.222492
2023-01-03,13.6,13.222491
2023-01-03,13.6,13.22249
2023-01-03,13.59,13.222489
2023-01-03,13.6,13.222489
2023-01-03,13.59,13.222488
2023-01-03,13.58,13.222487
2023-01-03,13.58,13.222529
2023-01-03,13.58,13.222893
2023-01-03,13.58,13.223276
2023-01-03,13.63,13.223276
2023-01-03,13.64,13.223276
2023-01-03,13.64,13.224613
2023-01-03,13.65,13.226177
2023-01-03,13.66,13.226177
2023-01-03,13.68,13.226177
2023-01-03,13.67,13.226177
2023-01-03,13.67,13.226177
2023-01-03,13.66,13.226177
2023-01-03,13.68,13.226177
2023-01-03,13.68,13.226177
2023-01-03,13.690001,13.226177
2023-01-03,13.690001,13.226177
2023-01-03,13.7,13.224807
2023-01-03,13.7,13.224807
2023-01-03,13.68,13.2240305
2023-01-03,13.7,13.2240305
2023-01-03,13.71,13.2240305
2023-01-03,13.71,13.2240305
2023-01-03,13.7,13.2240305
2023-01-03,13.7,13.2240305
2023-01-03,13.7,13.224081
2023-01-03,13.7,13.22346
2023-01-03,13.7,13.22346
2023-01-03,13.690001,13.2206335
2023-01-03,13.7,13.220633
2023-01-03,13.7,13.220928
2023-01-03,13.71,13.21875
2023-01-03,13.72,13.21875
2023-01-03,13.71,13.21875
2023-01-03,13.71,13.21875
2023-01-03,13.71,13.21875
2023-01-03,13.72,13.219667
2023-01-03,13.7300005,13.207977
2023-01-03,13.7300005,13.207977
2023-01-03,13.7300005,13.202357
2023-01-03,13.7300005,13.202357
2023-01-03,13.75,13.201082
2023-01-03,13.75,13.201082
2023-01-03,13.74,13.20189
2023-01-03,13.75,13.20189
2023-01-03,13.76,13.20189
2023-01-03,13.77,13.20189
2023-01-03,13.77,13.20189
2023-01-03,13.78,13.20189
2023-01-03,13.77,13.20189
2023-01-03,13.75,13.20189
2023-01-03,13.76,13.20189
2023-01-03,13.76,13.20189
2023-01-03,13.76,13.203215
2023-01-03,13.77,13.203215
2023-01-03,13.77,13.203808
2023-01-03,13.81,13.203808
2023-01-03,13.8,13.213509
2023-01-03,13.82,13.213509
2023-01-03,13.83,13.213509
2023-01-03,13.83,13.215104
2023-01-03,13.83,13.215104
2023-01-03,13.82,13.215104
2023-01-03,13.81,13.215104
2023-01-03,13.82,13.215104
2023-01-03,13.81,13.215104
2023-01-03,13.82,13.214251
2023-01-03,13.81,13.213092
2023-01-03,13.83,13.213092
2023-01-03,13.83,13.213092
2023-01-03,13.82,13.213122
2023-01-03,13.8,13.214048
2023-01-03,13.82,13.214048
2023-01-03,13.79,13.214048
2023-01-03,13.8,13.214048
2023-01-03,13.8,13.214049
2023-01-03,13.8,13.215073
2023-01-03,13.81,13.215869
2023-01-03,13.81,13.215869
2023-01-03,13.79,13.215869
2023-01-03,13.81,13.215869
2023-01-03,13.81,13.215869
2023-01-03,13.82,13.217876
2023-01-03,13.81,13.217787
2023-01-03,13.82,13.217787
2023-01-03,13.81,13.217787
2023-01-03,13.81,13.217787
2023-01-03,13.8,13.217787
2023-01-03,13.8,13.217787
2023-01-03,13.79,13.217787
2023-01-03,13.79,13.217667
2023-01-03,13.77,13.217667
2023-01-03,13.77,13.217036
2023-01-03,13.77,13.217036
2023-01-03,13.77,13.209414
2023-01-03,13.77,13.205798
